{
  "Players": {
    "108433": "oj_xyz",
    "393321": "UNIONPACIFIC",
    "14790582": "werdvon124",
    "38292668": "camcam_camila",
    "52601569": "Lavadude1212",
    "54552242": "HisMajesty_KingConor",
    "74287506": "LakeshoreRBX",
    "74652400": "MODDING101",
    "81992137": "JustArjxn",
    "96356063": "justice_romqxn",
    "99305466": "RobDevz",
    "105205141": "superevilluke",
    "106315813": "twc2008",
    "111128872": "yGiraffe",
    "113217491": "1coolblockheadALT",
    "121867458": "reecewhiteCkrckr2012",
    "124831915": "tzmrw",
    "130459376": "carltheraveyt",
    "135316130": "ConstructedDamage",
    "136088262": "DeniedVisage",
    "140049022": "Bennykirkman",
    "144773619": "darkmarsuk",
    "145921637": "Obelevator",
    "146934425": "printersofa",
    "153976997": "WEdgar1999",
    "154400355": "z3r0dronezz",
    "164252815": "CoookieCandle",
    "171029492": "icecreamjoe21",
    "172724377": "Gulol_77",
    "172988646": "nana9393",
    "173558192": "WilliamBridgeham",
    "173903622": "ryanonthewebs",
    "174880525": "Modder0Source",
    "177544652": "ScarceMrRoblox",
    "190588835": "VOLTRONDEFENDER4440",
    "191143394": "aford2003",
    "198259412": "decorousrangerover",
    "200833733": "ashkai3690",
    "214274654": "hallo1142",
    "233133939": "1Epsilon",
    "237192982": "JackAttackJPG",
    "242606348": "noonebeatsaarav",
    "268522120": "thecreppyCreeperyt",
    "276932961": "timco998",
    "278138310": "JyeRidley2011",
    "290016392": "icuddlebear29",
    "300822798": "robloxlee771",
    "313762667": "TaylorGaming2019",
    "357014345": "missbellchaucer123",
    "380512245": "TheButteredNacho",
    "380796873": "maxserg1704",
    "394657667": "OfficerMatthewNeedam",
    "404504221": "NonToxicAnley",
    "416094002": "AlexBartles2012",
    "423810869": "vafasa52",
    "432551065": "budharry10",
    "439812045": "stup18",
    "453762051": "DOPS2525",
    "471950741": "Mulllu_x",
    "488098597": "simply0mark",
    "489418534": "jqmeswxnder",
    "495436938": "chickenpolp",
    "499153207": "vitoyotube2010",
    "502610315": "najlepszego",
    "504319301": "mariomon123_yt",
    "524071407": "ReTauk",
    "535282709": "CaptainIDontK",
    "542263665": "rickpijnen2018",
    "557184417": "Javgurean1000",
    "563929914": "007matty21",
    "572168388": "hark81",
    "605958949": "melkebartduharfarti",
    "628848562": "goparksgo4",
    "645075675": "jeremi_lab",
    "649066353": "Fimit_7854",
    "654007448": "ruel1772",
    "670087477": "TheRealLogiti2",
    "695950676": "Mark_Gergely",
    "716429855": "longman0109",
    "723693920": "Sternchengo",
    "727651954": "minecrafterdam4",
    "728710649": "ethilips",
    "752443769": "CzarekPCzarek",
    "775272054": "zachary64657",
    "795320779": "T1CTIC4LCOMB4T",
    "829241347": "ccsausage123",
    "832695759": "CuteAngle200808",
    "834861580": "BetaTide",
    "834929855": "Warszawysk",
    "845800209": "Sinman0119",
    "861073034": "ch5s3",
    "861750554": "oneisonetoomany",
    "893411720": "CoolColby_23",
    "896163041": "police99916",
    "902329658": "ilovecats7715",
    "909984243": "Alfie07turner",
    "920185985": "haw8411",
    "924747952": "andreandref4",
    "937257212": "Gavin307715",
    "937388841": "pontevedra6",
    "953149605": "Remus4u",
    "955139966": "GYgctywuctbibr",
    "967034165": "Scripted_Connor",
    "967915490": "pqq46",
    "971479786": "XIgorekyt5684X",
    "971651896": "docks974",
    "1007115213": "viziosoundbar",
    "1011613623": "raptorXSr",
    "1019459426": "nutty_boy2019",
    "1031869355": "ImBlake47456",
    "1076067522": "iTagYourIt",
    "1081957532": "TPRethan1",
    "1084802679": "noazoenoa",
    "1113087119": "Glina13333",
    "1116809886": "Kotek_kar1",
    "1122021603": "Me100mm",
    "1130067177": "Kiki344r",
    "1143662504": "costarica200",
    "1146685277": "VerifiedStructure",
    "1163687193": "Adamko2409",
    "1195737268": "FSTAR06",
    "1207155567": "Ryzan27",
    "1209864495": "Jaja070816",
    "1219958484": "oncowcow3333",
    "1242359377": "ll1conor",
    "1257949729": "Furiasrobot",
    "1264645879": "FelicityMesa",
    "1266041997": "Aprikosepro",
    "1298923513": "Harvtyler1234",
    "1340082337": "Antosianek1",
    "1355012194": "bmoney_boy11",
    "1358046900": "boubabibinette",
    "1366363464": "felt81",
    "1372020770": "2utton",
    "1376907643": "AlexF759",
    "1385630698": "Nickeymagic",
    "1414728750": "TrippleJStudios",
    "1415878705": "fngbjgh",
    "1426574616": "banis12378",
    "1437143000": "Lucashaigherty8",
    "1466581082": "Pikachu2010thebest",
    "1477919602": "sizzle5010",
    "1480685856": "rubykin10",
    "1488857857": "neonfligter296",
    "1492427522": "jayden_bro09876",
    "1494334120": "xXFabulousRobloxXx",
    "1499991249": "dello2010",
    "1507522692": "sunnySeller",
    "1513414251": "samolykesamogames",
    "1517196850": "KDHGETTETEYDZGHHEJ",
    "1519418702": "foxyks123",
    "1521420392": "zertybee_5",
    "1523974574": "m4rkybr0_alt",
    "1525663115": "ddhkregel7",
    "1533688243": "NindzaLegenda19",
    "1549774176": "SKYrainbow2049",
    "1551208865": "noah01q",
    "1580846686": "lordo267",
    "1584886937": "eeeeerrrtttttttttt",
    "1590265336": "Jam4life77",
    "1632468571": "happyfeet12_13",
    "1644953594": "dghlkxyvdyxj47",
    "1658944309": "EnDoxTen",
    "1665745336": "Okkie1203b",
    "1666413221": "asierprooooYT",
    "1674212864": "Aaaaaaaaaunf",
    "1676606567": "MxttyDev",
    "1676878267": "bloxnewsteam",
    "1698031578": "Michael_s15",
    "1711503952": "KhalidTheGamer123345",
    "1722271565": "jakboy2713",
    "1734102247": "MrSlugmoon",
    "1756886595": "FloatingCDOG",
    "1784905130": "cobnoob1234",
    "1799267286": "public_hanzo74",
    "1806418677": "nichotheman2016",
    "1807055520": "keithtimmins",
    "1891984570": "Cr0cScore",
    "1931193471": "xDLiveRBLX",
    "1982003812": "xxFynnWasGehtxx",
    "2006952104": "superboyz123111",
    "2029160713": "richaadi989",
    "2034684389": "Bartial20",
    "2208554665": "sharkking5286",
    "2217163019": "alexanderhome898v",
    "2241100084": "Starjustin16",
    "2241886691": "hyperdragon1979",
    "2245928065": "yefewyu",
    "2253358432": "Niklas_robo",
    "2254470099": "DountFactory98",
    "2254924087": "kidswillems1",
    "2262561675": "Immortal_ninja02",
    "2265494470": "iAnatomy",
    "2285870429": "sim_city8",
    "2328894056": "SharkyPlayz999",
    "2386401535": "Thecatandthedogthe",
    "2411856412": "CoolGamer5671_YTube",
    "2412963153": "Swatteammemberboss",
    "2418768872": "Spike_minecraft2",
    "2459959254": "UNlONPAClFlC",
    "2486818607": "jimmybo90",
    "2491098821": "Enhanced00",
    "2509027685": "Simugamer01",
    "2536997337": "Dj_parker2013new",
    "2562534997": "Gameingwithcj2011",
    "2583779689": "ColtonWilsonmacoroni",
    "2587406710": "Rocketlucas901",
    "2612901669": "politieagenttom3",
    "2648573619": "Rosedinosaur1414",
    "2716214769": "Kicky_RBLX",
    "2746910855": "ItsThealivejames",
    "2975861498": "Vova123456789co",
    "2983162965": "shakenvac4",
    "2992863834": "Lester_LOL1",
    "3039202917": "FireGamersDE",
    "3039235732": "Unociaobello",
    "3039454749": "bella762121",
    "3041253164": "chaliali_oficial",
    "3136507420": "sunyiran2021",
    "3148305274": "NoeKubilay",
    "3148348869": "Nicoduino201",
    "3195712478": "bacon_foodgodddddGFX",
    "3235318924": "Elias192012m",
    "3244418977": "Ryantjuuh14",
    "3250712762": "PeeFluBo",
    "3277621451": "uh_joshcv",
    "3284442274": "OnlyJ0nathan",
    "3287287556": "gostars7002",
    "3341740524": "Oscartheg2010",
    "3352802225": "kiki68150_2",
    "3376201248": "ivangamingyt200",
    "3394338896": "OfficialMrCheeseRBLX",
    "3429538564": "tipping_1234",
    "3441866281": "amananason",
    "3469207977": "vi_xb33",
    "3533074092": "h21mmason2010",
    "3539841898": "HeyItsDestinyRBLX",
    "3556892566": "signupman7777",
    "3582360884": "Fortniteproisss",
    "3676475316": "NotOMMiner",
    "3693921145": "Bdhdhu7687e578utgu",
    "3696995465": "Ezrablox96",
    "3704197220": "rick_1408",
    "3733709363": "twogoodzz",
    "3740057686": "LAFDofficerLUC",
    "3762090240": "Roblox_Banana842",
    "3828072736": "ophjybhq12345",
    "3845463051": "awesomeHenrygaming1",
    "3867912214": "REDRAGONded_Ded",
    "3985903287": "JTPlayzRBLX2022",
    "4120017953": "Mi_Bozz",
    "4224445587": "Leone7_22",
    "4452440972": "JoshHoldings",
    "4661523943": "liam041nx",
    "4390998084": "CoderFPgofficial",
    "4869139927": "BMIHoldings",
    "4841887727": "GameCreator5544",
    "4887679283": "ENTERTAINMENT_HOLD",
    "4741670487": "Realnewlaptoppro",
    "4923394538": "lucawumper",
    "4703470209": "Gingerale533",
    "4906232545": "Viittoo30"
  },
  "Groups": {
    "7082031": "Ρinewood Αcadamy",
    "7095133": "TPRethan1",
    "8536583": "Let's Party!",
    "9230471": "Restaurant La Stella",
    "9697831": "The Gold Store Corporation",
    "13984336": "GTStudio",
    "14578586": "Coast Side Hotel & Resorts",
    "16223505": "Bestbuds Plc",
    "16251482": "Bloxware Supermarket",
    "16310629": "Cheshire Academy | EFT",
    "16433555": "Ladybug, PLC",
    "17050722": "Burlington Mall",
    "17132393": "Liberty Hotel & Resorts",
    "32732315": "Liberty Digital Group",
    "32925362": "Steak Wood Store"
  }
}