{
  "Players": {
    "190870": "Crocboy",
    "14276157": "UN14276157",
    "14790582": "werdvon124",
    "16019445": "Problix Stores",
    "16502761": "Bloxbyte PLC",
    "33571202": "William_Division",
    "64570124": "nboy74",
    "97284124": "ASimplistics",
    "98531256": "farrimj",
    "104823937": "monkeywater11",
    "105205141": "superevilluke",
    "126999437": "MrAdder",
    "130459376": "carltheraveyt",
    "132078318": "Dev_Tricky",
    "140049022": "bennykirkman",
    "176461699": "aircanister",
    "183691656": "lupo2008",
    "191034426": "ReaITayIorSwiftt",
    "198682780": "zaacattack08",
    "214274654": "hallo1142",
    "266506448": "jonrocco1",
    "291233743": "Roblox_Solera",
    "391834274": "dibbers1212",
    "412173818": "Kingofrobloxx119",
    "416918260": "creatorYo120",
    "419381845": "Evolcid",
    "491012314": "MrPattacake",
    "533585766": "kiddanger2036",
    "535282709": "XdawidX8",
    "553520862": "r0xcc0",
    "695779194": "Josh_0MG",
    "800705120": "SIME116YT",
    "829241347": "ccsausage123",
    "861073034": "ch5s3",
    "861750554": "oneisonetoomany",
    "865821656": "raining_fun11",
    "893411720": "2898t",
    "894681763": "iiBubblex_Cam",
    "900720350": "tjeerdsma2",
    "918394368": "Zakiricsi09",
    "918537390": "slaypetes",
    "950807347": "JustLemonPlays",
    "971479786": "XIgorekyt5684X",
    "975264947": "waldiko",
    "1002821545": "ArmedF16",
    "1039110364": "ZaneTahaB",
    "1043777849": "Loyal_Founder1144",
    "1045197736": "uh_zain",
    "1099150121": "purplebaconytt",
    "1152635671": "ryensia",
    "1160166283": "mischievous_orbeez",
    "1186746056": "isaa6667",
    "1194784485": "CaptainChaosYT01",
    "1345932931": "FJDavis1",
    "1355723163": "SubToChasYT",
    "1372020770": "2utton",
    "1376907643": "AlexF759",
    "1386240906": "Fiire_ProHD",
    "1451776005": "water_mintt",
    "1476167873": "AccelRanger",
    "1477919602": "sizzle5010",
    "1484176701": "Flupjamin2010",
    "1498719832": "ronnvys",
    "1499991249": "dello2010",
    "1501561562": "Neulamm",
    "1515655838": "TeaH2O",
    "1527378431": "Noahline3",
    "1629436133": "Loadspecs",
    "1642518212": "GlobalM2gamer",
    "1643134885": "S409_MODS",
    "1674212864": "Aaaaaaaaaunf",
    "1676878267": "BloxNewsTeam",
    "1677502086": "SethPlays31",
    "1688959166": "hacher9573",
    "1698102878": "Scouting201",
    "1706518323": "atomicitiez",
    "1745870824": "XxR_ynjxX",
    "1768556322": "Harry_Bubblexs",
    "1806418677": "nichotheman2016",
    "1807055520": "keithtimmins",
    "1821693884": "Roblocks19472",
    "1896557145": "alex6cars",
    "1988637005": "Brxzews",
    "2001727841": "Gabidiego111",
    "2216031060": "OM_Vaske",
    "2240744649": "liamtyz",
    "2285248954": "Rjay99g",
    "2334057070": "bxmwfxn",
    "2364445471": "Yoice100",
    "2450220934": "jasonzockt56",
    "2478765658": "theoscytechguy",
    "2505537254": "hullwool",
    "2613375355": "panini164",
    "2757240947": "relaxCZECH",
    "2848613325": "GroupManagement2021",
    "3022123594": "ohwe_n",
    "3244418977": "Ryantjuuh14",
    "3408440333": "Res955",
    "3529183875": "GamesBuildstudioV4",
    "3546625819": "certi_ymz",
    "3552144607": "CrustyFooooot",
    "3579596436": "Carloalt06",
    "3680776704": "MrAddermin89",
    "3696995465": "Chrisfury89",
    "3704197220": "rick_1408",
    "3803794132": "Allabulla1200_hi",
    "3822746596": "IKEAHolder",
    "3842173157": "TheReventium",
    "3843085655": "harleyohs",
    "3843625087": "Iam_dead13",
    "4077445294": "Cai9587",
    "4119060167": "Wild_Heart654",
    "4185990828": "NovaCorporati0n",
    "4214535932": "Wild_Heart876",
    "4391567816": "studio_game66",
    "4379604269": "djirov_V4"
  },
  "Groups": {
    "4552580": "Canada Hotels & Resort",
    "5115945": "Unity Systems",
    "5925127": "Superblox PLC",
    "8960938": "OctoStore",
    "10687424": "Finlay/evie/charlie",
    "11196313": "TheFreshMarket (The Cool Humans)",
    "14242980": "Morriblox UK",
    "14334637": "Bloxco Stores Limited",
    "15863171": "CoGroup LTD",
    "15931233": "Pembridge Academy Trust",
    "15994504": "Asda Stores TM",
    "16019445": "Problix Stores",
    "16209001": "Shop n' Blox",
    "16276695": "MyStore • Retail Solutions",
    "16433555": "Ladybug, PLC",
    "16502761": "Bloxbyte PLC",
    "16745748": "VR Productions",
    "16888628": "Candlewood Pantomime",
    "16981702": "Foodia Supermarket",
    "17132393": "Liberty Hotel & Resorts"
  }
}