{
  "Players": {
    "190870": "Crocboy",
    "14790582": "werdvon124",
    "16019445": "Problix Stores",
    "98531256": "farrimj",
    "105205141": "superevilluke",
    "130459376": "carltheraveyt",
    "163323741": "cordlow",
    "164252815": "CoookieCandle",
    "183691656": "lupo2008",
    "214274654": "hallo1142",
    "295591966": "clumsyfurball97",
    "416918260": "creatorYo120",
    "572549636": "xx_darkgame12",
    "861073034": "ch5s3",
    "861750554": "oneisonetoomany",
    "865821656": "raining_fun11",
    "1002821545": "ArmedF16",
    "1039110364": "ZaneTahaB",
    "1114705766": "eae898",
    "1152635671": "ryensia",
    "1186746056": "isaa6667",
    "1194784485": "CaptainChaosYT01",
    "1230195383": "Mr_Builder07",
    "1242359377": "TheTeslaKing_Conor",
    "1499991249": "dello2010",
    "1501561562": "Neulamm",
    "1527378431": "Noahline3",
    "1642518212": "GlobalM2gamer",
    "1643134885": "S409_MODS",
    "1677502086": "SethPlays31",
    "1806418677": "nichotheman2016",
    "1807055520": "keithtimmins",
    "1896557145": "alex6cars",
    "1982003812": "xxFynnWasGehtxx",
    "2216031060": "OM_Vaske",
    "2240744649": "liamtyz",
    "2340646430": "Pokedi451",
    "2505537254": "hullwool",
    "3680776704": "MrAddermin89",
    "4077445294": "Cai9587"
  },
  "Groups": {
    "5115945": "Unity Systems",
    "8960938": "OctoStore",
    "14334637": "Bloxco Stores Limited",
    "16019445": "Problix Stores",
    "16745748": "VR Productions"
  }
}