{
  "Players": {
    "108433": "oj_xyz",
    "393321": "UNIONPACIFIC",
    "14790582": "werdvon124",
    "14876413": "ninus02",
    "38292668": "camcam_camila",
    "52601569": "Lavadude1212",
    "53963728": "steapingtea",
    "54363473": "hiimjoel",
    "54552242": "HisMajesty_KingConor",
    "74287506": "LakeshoreRBX",
    "81992137": "JustArjxn",
    "96356063": "justice_romqxn",
    "103300359": "ictcallum",
    "105205141": "superevilluke",
    "111128872": "yGiraffe",
    "113217491": "1coolblockheadALT",
    "121867458": "reecewhiteCkrckr2012",
    "130459376": "carltheraveyt",
    "130497523": "lord_matty",
    "136088262": "DeniedVisage",
    "139819016": "jacobbellsy",
    "140049022": "Bennykirkman",
    "153976997": "WEdgar1999",
    "164252815": "CoookieCandle",
    "172589339": "iiHxrvx",
    "172724377": "Gulol_77",
    "173558192": "WilliamBridgeham",
    "174880525": "Modder0Source",
    "188757824": "thankableboomcake",
    "191143394": "aford2003",
    "198259412": "decorousrangerover",
    "198682780": "zaacattack08",
    "200833733": "ashkai3690",
    "203057232": "AmazingSuperDylan",
    "214274654": "hallo1142",
    "220289927": "hangname",
    "233133939": "1Epsilon",
    "242606348": "noonebeatsaarav",
    "268522120": "thecreppyCreeperyt",
    "278138310": "JyeRidley2011",
    "287276070": "OndrejDomi33",
    "290016392": "icuddlebear29",
    "291233743": "Roblox_Solera",
    "297136067": "daw1085",
    "298643886": "kdyn120308",
    "300822798": "robloxlee771",
    "305481567": "robloxrules756",
    "313762667": "TaylorGaming2019",
    "340703942": "Iuvsah",
    "343457255": "davidiscoooooolll",
    "374518354": "BrickGaming_TV",
    "380347963": "gianmarcozb",
    "380512245": "TheButteredNacho",
    "388612812": "dog00patat",
    "392895158": "Deventted",
    "401723120": "CrazyPlayerM100",
    "402600409": "Iceboy1708",
    "404504221": "NonToxicAnley",
    "408323390": "fadedtears1",
    "416392694": "Nv4xuss",
    "423810869": "vafasa52",
    "439812045": "stup18",
    "441049011": "K0N_F1G",
    "471950741": "Mulllu_x",
    "488019860": "Chazza_1451",
    "488098597": "simply0mark",
    "489418534": "jqmeswxnder",
    "495436938": "chickenpolp",
    "498992285": "Myron_power",
    "499153207": "vitoyotube2010",
    "502610315": "najlepszego",
    "504319301": "mariomon123_yt",
    "520646863": "akfdir",
    "535282709": "CaptainIDontK",
    "542263665": "rickpijnen2018",
    "543310612": "MakarAstanin",
    "556101408": "SnowBoy12766",
    "557184417": "Javgurean1000",
    "563929914": "007matty21",
    "615768869": "Salou2018_2",
    "645075675": "jeremi_lab",
    "646071116": "Tom356824",
    "654007448": "ruel1772",
    "695934583": "Ilyycam",
    "695950676": "Mark_Gergely",
    "723693920": "Sternchengo",
    "728710649": "ethilips",
    "752443769": "CzarekPCzarek",
    "756067121": "Rickzeewolde",
    "775272054": "zachary64657",
    "795320779": "T1CTIC4LCOMB4T",
    "815107657": "24J14",
    "832695759": "CuteAngle200808",
    "834861580": "BetaTide",
    "836791554": "braedenfurlong123",
    "845800209": "Sinman0119",
    "861073034": "ch5s3",
    "861750554": "oneisonetoomany",
    "864844460": "meepswIrd",
    "891878239": "Sun_S4t",
    "893411720": "CoolColby_23",
    "896163041": "police99916",
    "919156281": "iamkiriII0202",
    "920185985": "haw8411",
    "924747952": "andreandref4",
    "937257212": "Gavin307715",
    "937388841": "pontevedra6",
    "946074370": "Janonah3",
    "959023285": "zabiaka666",
    "967915490": "pqq46",
    "971651896": "docks974",
    "975264947": "waldiko",
    "975327795": "lllol234",
    "1007115213": "viziosoundbar",
    "1025585268": "Specki555",
    "1027733718": "AviatorFood",
    "1031610483": "lukaskit001",
    "1039110364": "ZaneTahaB",
    "1050185298": "kupakupakupa1234567",
    "1060382771": "QuintechDev",
    "1064744539": "ArchitectonicKX",
    "1084802679": "noazoenoa",
    "1114705766": "eae898",
    "1116809886": "Kotek_kar1",
    "1116871933": "GarnMelwinM",
    "1122021603": "Me100mm",
    "1130067177": "Kiki344r",
    "1143662504": "costarica200",
    "1146685277": "VerifiedStructure",
    "1161618013": "Reset39252245",
    "1163687193": "Adamko2409",
    "1169364295": "benson417",
    "1180727342": "AQU4DRAGON",
    "1186746056": "isaa6667",
    "1187349122": "TheOneOdd_Out",
    "1207155567": "Ryzan27",
    "1219958484": "oncowcow3333",
    "1230195383": "Mr_Builder07",
    "1242359377": "ll1conor",
    "1266041997": "Aprikosepro",
    "1315438130": "lucas344544",
    "1338916778": "sandwitchman361",
    "1355012194": "bmoney_boy11",
    "1358046900": "boubabibinette",
    "1372020770": "2utton",
    "1376907643": "AlexF759",
    "1385630698": "Nickeymagic",
    "1386240906": "fiire_prohd",
    "1394545894": "Lenox320",
    "1402360348": "Pro_ZEssional",
    "1414492377": "Jondeer122",
    "1415878705": "fngbjgh",
    "1425392484": "liondragone",
    "1426574616": "banis12378",
    "1433050763": "bartek4844",
    "1437143000": "Lucashaigherty8",
    "1439187118": "ErenPr038",
    "1466581082": "Pikachu2010thebest",
    "1472842798": "prorules15",
    "1476167873": "AccelRanger",
    "1480685856": "rubykin10",
    "1481252042": "artscraftsjay",
    "1486463682": "funnyguyroddas",
    "1488857857": "neonfligter296",
    "1494334120": "xXFabulousRobloxXx",
    "1507522692": "sunnySeller",
    "1513414251": "samolykesamogames",
    "1518095557": "tufumukl",
    "1518426222": "Mr_BuiIderboy",
    "1519418702": "foxyks123",
    "1521420392": "zertybee_5",
    "1523974574": "m4rkybr0_alt",
    "1539846923": "DutchtuberJobbFSenne",
    "1543573520": "11bodhy22",
    "1548131665": "ArtBrickx",
    "1551208865": "noah01q",
    "1555634435": "x_Maxyy",
    "1569465284": "Jopio0819",
    "1584886937": "eeeeerrrtttttttttt",
    "1588172714": "potcyhuvtyvu",
    "1596104796": "sonnemond09",
    "1632468571": "happyfeet12_13",
    "1644953594": "dghlkxyvdyxj47",
    "1655015522": "BaniCraft_Roblox458",
    "1658944309": "EnDoxTen",
    "1666413221": "asierprooooYT",
    "1674212864": "Aaaaaaaaaunf",
    "1676878267": "bloxnewsteam",
    "1698031578": "Michael_s15",
    "1711503952": "KhalidTheGamer123345",
    "1715483529": "Papyrus_FR09877666",
    "1722271565": "jakboy2713",
    "1728086335": "EdekaHolder",
    "1762311104": "Jotubepro1234",
    "1764424273": "yvtcygyg",
    "1773583346": "xovicly",
    "1807055520": "keithtimmins",
    "1813058140": "jfjsdnneru",
    "1834921408": "desjay123456",
    "1855269583": "glasteller",
    "1862114604": "jamesss0911",
    "1865374355": "tyty26229",
    "1866295793": "Juliabk911",
    "1870350874": "SchrimpLeiche81",
    "1884124297": "marcin_pilot",
    "1887818210": "AngerminecraftYT",
    "1894431098": "sharkboy_denis2007",
    "2029160713": "richaadi989",
    "2032798479": "bybyshark_56790",
    "2034684389": "Bartial20",
    "2035246218": "not_lyubxmxr",
    "2039540160": "reloblox23",
    "2041533214": "Sam_osaMan73",
    "2067451744": "DamianS0912",
    "2208554665": "sharkking5286",
    "2238550742": "DamianS201209",
    "2241100084": "Starjustin16",
    "2241886691": "hyperdragon1979",
    "2245928065": "yefewyu",
    "2249465336": "image_000000",
    "2251537571": "poggers123456742609",
    "2254924087": "kidswillems1",
    "2265494470": "iAnatomy",
    "2287238321": "PumpJoey",
    "2328894056": "SharkyPlayz999",
    "2331782607": "andreigamingro_trovo",
    "2340125104": "JakubekPoland",
    "2351091483": "Andrus67pro",
    "2411856412": "CoolGamer5671_YTube",
    "2412963153": "Swatteammemberboss",
    "2418768872": "Spike_minecraft2",
    "2459959254": "UNlONPAClFlC",
    "2491098821": "Enhanced00",
    "2546107915": "baxel_hd",
    "2561861984": "Janniskinglool",
    "2562534997": "Gameingwithcj2011",
    "2584830192": "JOHNGREGGIL22",
    "2587406710": "Rocketlucas901",
    "2612901669": "politieagenttom3",
    "2680503859": "thelovlygamemaker",
    "2688940654": "ColtonPlayz725",
    "2716214769": "Kicky_RBLX",
    "2746910855": "ItsThealivejames",
    "2789635400": "FranCio_89",
    "2840448482": "itzzme_jonas",
    "2944339015": "lepro1deroblox",
    "2975861498": "Vova123456789co",
    "2983162965": "shakenvac4",
    "2992863834": "Lester_LOL1",
    "3039202917": "FireGamersDE",
    "3039235732": "Unociaobello",
    "3041253164": "chaliali_oficial",
    "3050744747": "Leon_magroblo",
    "3136507420": "sunyiran2021",
    "3148305274": "NoeKubilay",
    "3148348869": "Nicoduino201",
    "3235318924": "Elias192012m",
    "3244418977": "Ryantjuuh14",
    "3284442274": "OnlyJ0nathan",
    "3287287556": "GoStars7002",
    "3429538564": "tipping_1234",
    "3441866281": "amananason",
    "3464646766": "PilotOfTheSea773",
    "3469207977": "vi_xb33",
    "3493178228": "LevikeAuthority",
    "3496613411": "Nyyxtra",
    "3514536400": "BaconKing1638",
    "3533074092": "h21mmason2010",
    "3539841898": "HeyItsDestinyRBLX",
    "3578845660": "aidy122010",
    "3590893795": "hibyeopenthewifi",
    "3696995465": "Ezrablox96",
    "3740057686": "LAFDofficerLUC",
    "3762090240": "Roblox_Banana842",
    "3818882431": "mrd1227",
    "3828072736": "ophjybhq12345",
    "3867912214": "REDRAGONded_Ded",
    "3883240283": "Toastco_Holder",
    "3985903287": "JTPlayzRBLX2022",
    "4067365768": "SR71_RBLX",
    "4120017953": "Mi_Bozz",
    "4161914373": "Dropsikju",
    "4190768067": "Roblox_King6312",
    "4258117967": "AH_HULFE",
    "4261832061": "Tim_Karli12",
    "4452440972": "JoshHoldings",
    "4336019644": "S24k_4",
    "4639360498": "Avi_Bentetn",
    "4472879843": "SkrypterPL",
    "4661523943": "liam041nx",
    "4869139927": "BMIHoldings",
    "4612926711": "MarlinBayHolder",
    "4703470209": "Gingerale533",
    "4480681105": "EditzPlayze",
    "4906232545": "Viittoo30"
  },
  "Groups": {
    "8536583": "Let's Party!",
    "9230471": "Restaurant La Stella",
    "9697831": "The Gold Store Corporation",
    "10778146": "Prorules15",
    "13984336": "GTStudio",
    "14578586": "Coast Side Hotel & Resorts",
    "15696940": "Interspar Roblox",
    "15862340": "Waitrose PLC",
    "16223505": "Bestbuds Plc",
    "16251482": "Bloxware Supermarket",
    "16310629": "Cheshire Academy | EFT",
    "16433555": "Ladybug, PLC",
    "17050722": "Burlington Mall",
    "17132393": "Liberty Hotel & Resorts",
    "32312202": "GoStreet PLC",
    "32644379": "Masters Entertainments LTD",
    "32767732": "Prime hydra!ion",
    "32785531": "MetroMarket PLC",
    "33138933": "RSS Roblox"
  }
}