{
  "Players": {
    "1": "Roblox",
    "1551": "Luke",
    "17179": "Shon",
    "26263": "Luca",
    "108433": "oj_xyz",
    "144128": "Load",
    "190870": "Crocboy",
    "245783": "gerben009",
    "348458": " Angry Birds",
    "2413190": "Zipuel",
    "2857666": "8oe",
    "5737192": "Co Operative Ltd.",
    "6251399": "Sainsbury's Putney",
    "6719616": "w7ntex",
    "6985513": "Goofy Games Corporation",
    "7230067": "the coper group",
    "7658631": "Random stuff studio",
    "8806077": "RoBargains",
    "10365473": "Bloxburys Supermarket",
    "10751682": "Cash&Fresh",
    "10877616": "PortBlox",
    "10929018": "CommissionerFire2211",
    "10999791": "LIDL PLC!",
    "11582289": "Asdablox TM",
    "11917653": "(Oficjalna Grupa) Fikcyjna Gdynia {RP}",
    "12273040": "C0YNZ",
    "12479429": "yvtcygyg",
    "12577343": "Not_AlfieL",
    "12635046": "John Lewis PLC",
    "12855186": "okklkllkklokololllll",
    "14050408": "Carrefour PLC",
    "14126149": "James_Ashworth",
    "14180527": "Görans soffa",
    "14209529": "Costal Coffee | Official Group",
    "14242980": "Morriblox UK",
    "14276157": "DominikWelzel",
    "14356741": "Marks and Spencer Group plc",
    "14531355": "UK Megaplex",
    "14630749": "kevlegouffe",
    "14708140": "sylvie33",
    "14790582": "werdvon124",
    "14868719": "Aldi-Blox PLC",
    "14876413": "ninus02",
    "14887271": "Besco's GB",
    "14898259": "Co-op Superstore",
    "15137122": "Ro-Shopping",
    "15211662": "JBLabs",
    "15326005": "piefan11",
    "15619264": "SAINSROX",
    "15721316": "Wait-Ro's",
    "15750450": "SpeedStore",
    "15811210": "Cartmax Stores Limited",
    "15851752": "The Cross Street Plaza",
    "16098042": "Żapko-Blox",
    "16140461": "Studio Dynasty",
    "16176028": "Air Shop Holdings!",
    "16269547": "Albacete Cafe",
    "16411091": "SaintBury's",
    "16415269": "Chesterfield Local",
    "16429661": "M&J Retail",
    "16433555": "Ladybug, PLC",
    "16496643": "Actionblox TM",
    "16662990": "Walmart Express PLC",
    "16839493": "Bloxmart LTD",
    "16924088": "The Au-Park Mall",
    "17340473": "DunnesBlox",
    "18561408": "tornadomaster6",
    "20417630": "Ceraunics",
    "20900007": "green3639",
    "21390195": "Tabellarios",
    "21756387": "cool1daniel1",
    "22406320": "MichaelO_Leary",
    "24796838": "devious_law",
    "28705726": "TheCakeChicken",
    "33571202": "William_Division",
    "36633595": "dogs80",
    "38292668": "isupposeiamcam",
    "38630241": "kevinu7",
    "40903013": "ApolloCypher",
    "41088636": "steavebob101",
    "41610451": "JoshVoltz",
    "44889148": "FormallyBread",
    "45150099": "HelIHoundy",
    "46917628": "battleaction",
    "48151963": "michaelvanz",
    "49724598": "Promblo",
    "50045781": "Redneck_Tactical",
    "50770444": "Mccraftserver",
    "51279601": "daniellovesdogs22",
    "52601569": "Lavadude1212",
    "52744276": "orrin99",
    "53963728": "steapingtea",
    "54363473": "hiimjoel",
    "54552242": "HisMajesty_KingConor",
    "55123096": "BlikkieStoffer",
    "56288364": "iiTomsx",
    "59401226": "DreamersRBX",
    "59538795": "Benandjaydenbff22",
    "61383656": "Maine_Lawz",
    "62651198": "KIMACD",
    "63092288": "ecosse_raverus",
    "64421815": "coolconnor1246",
    "64570124": "nboy74",
    "65272426": "ArtimeArts",
    "66226898": "versyxl",
    "66610883": "builderman9882",
    "67328927": "8n0",
    "68356736": "Simulator_Gamer19",
    "69122630": "Webi36",
    "69251799": "james200cool",
    "69537371": "stampyhappylog123",
    "70632701": "frainie12",
    "73702064": "TGCServer",
    "74287506": "LakeshoreRBX",
    "74302199": "Design_Simply",
    "74652400": "MODDING101",
    "75535693": "cashman200730",
    "76798709": "lukewhitehead1",
    "77105678": "Astra_Moonight",
    "77695211": "MessageGaming",
    "77838404": "bochove",
    "78327817": "RGRAINGER2004",
    "78786024": "HaydenP2008",
    "79498562": "NACA_FAS",
    "81992137": "JustArjxn",
    "82647630": "honeydnathan",
    "84003462": "tynan7891011",
    "84483577": "sirALEXtheGREAT",
    "84690789": "discentted",
    "84855921": "irlhilton",
    "85462285": "JakeMurf24",
    "85589660": "zi_vr",
    "85884121": "Jacobandbuster01",
    "87257148": "Hype_Ducky",
    "87845901": "Stickngg",
    "88229213": "taz_co",
    "89363855": "SystemError15",
    "89586461": "bigboysammy6",
    "91779096": "officialxshrek",
    "92109374": "MindOfAnonymous",
    "92193221": "SavageDarry",
    "92255086": "Kate_AmberGirl",
    "92766941": "gamerplayroblox5667",
    "94179265": "Floatinum",
    "95213395": "purplemuppet18",
    "96356063": "romqxn",
    "96766882": "WEL0308",
    "97284124": "Daniel28113",
    "97410160": "bloxo27",
    "98531256": "farrimj",
    "99305466": "RobDevz",
    "101077062": "osanach",
    "102233137": "feme12",
    "102367030": "olaf121212",
    "103116769": "supercrazy0312",
    "103300359": "Ictcallum",
    "103568949": "Killernl2003",
    "103847776": "V3LV11TE",
    "104823937": "monkeywater11",
    "105205141": "superevilluke",
    "106197705": "Connorflaws",
    "106315813": "twc2008",
    "106416239": "louandarch",
    "106864420": "DanniJean",
    "108077124": "auvhulz",
    "108439332": "KnowledgeableFloor11",
    "108609824": "RyanMoodGAMING",
    "109052601": "Gulol",
    "109297346": "Akyrium",
    "109524426": "Syncrophi",
    "111128872": "yGiraffe",
    "113217491": "1coolblockheadALT",
    "114161050": "iEwanx",
    "114905011": "noel4556",
    "115858140": "super_mawee",
    "116881141": "officerJT88",
    "119434186": "DamianPThomas",
    "120310190": "o_wenz",
    "121867458": "reecewhiteCkrckr2012",
    "125329464": "CulturedTerraria",
    "125674809": "sorizy",
    "125739978": "Elanas8",
    "125916558": "Aselmeier",
    "126154286": "FaultyNik",
    "126392528": "Kip_Hoi",
    "126613742": "046_SyncMaster",
    "127096581": "flvffywvffy",
    "127103546": "pointpark",
    "128291599": "jphilp",
    "128653444": "JeremyHowdens",
    "130214198": "NathanPlays2016",
    "130459376": "carltheraveyt",
    "130499711": "AbsoluteGeezar",
    "131511786": "PlantLegodude",
    "131698515": "shootboy444",
    "131927579": "plctformshoes",
    "132078318": "Dev_Tricky",
    "132960318": "gamerboyfriday",
    "133268724": "UnknownAlz",
    "133809465": "Greenfeat",
    "134324272": "brojoy3",
    "134641757": "Bonker_Boy",
    "135316130": "ConstructedDamage",
    "135498181": "t4_nx",
    "136088262": "DeniedVisage",
    "136187632": "MrLilac4",
    "137248377": "shyboo49",
    "138964531": "0mzae",
    "139436830": "DevKrueger",
    "139527154": "bonnethebunny123",
    "140049022": "bennykirkman",
    "141584556": "YouFoundTheDeveloper",
    "143167480": "RJliam",
    "143693406": "RusticJthestar",
    "143717221": "maxitaxi35",
    "144641667": "ldinn",
    "144773619": "darkmarsuk",
    "145495810": "aerojetplane",
    "145792748": "Dmitry_01",
    "145921637": "ObedientElevator10",
    "146602064": "Mishra09099",
    "147629746": "siimplygentle",
    "148122065": "zacky0810",
    "148191977": "anvoids",
    "149274340": "kilian3845",
    "150534988": "DannyLCortes",
    "151708083": "beckyrose_12",
    "152502907": "adroid101",
    "153056531": "GrumpyHamworld",
    "153340937": "discobol55",
    "153976997": "WEdgar1999",
    "153985832": "Zenrisl",
    "154400355": "z3r0dronezz",
    "155699377": "bethisoverparty",
    "156711358": "joshuadl12",
    "158770460": "IMRINC",
    "159531283": "FrenxLaws",
    "160413642": "Bilalp927",
    "160693439": "Its_DarkBlox",
    "161999297": "EllieLBella",
    "162245577": "plukkie100",
    "164252815": "CoookieCandle",
    "164753852": "Hi_gx",
    "164912261": "firefox2483",
    "166844835": "dxrksxulxl",
    "169251340": "NIKOFILIPINKO",
    "171029492": "icecreamjoe21",
    "171131567": "epell1",
    "172589339": "iiHxrvx",
    "172724377": "Gulol_77",
    "172988646": "nana9393",
    "173558192": "WilliamBridgeham",
    "173869567": "BraxRealityReborn",
    "173903622": "ryanonthewebs",
    "174880525": "Modder0Source",
    "174925154": "KoallaYT",
    "175532708": "TyplcalDel",
    "175829267": "4eignarman",
    "176461699": "aircanister",
    "177024527": "wade78901",
    "177544652": "ScarceMrRoblox",
    "179118200": "angelotulp",
    "181077013": "ImmenseTommie24",
    "181896029": "kroki08",
    "182918391": "Kennakits1224",
    "183215137": "JJWCH",
    "183691656": "lupo2008",
    "184238408": "MaxdudeHowdens",
    "184328068": "CertifiedAndyA",
    "185451058": "mikemarchal1234",
    "185518772": "im_eoin",
    "185524841": "AdxmQvy",
    "187727603": "wolfpack618",
    "188757824": "thankableboomcake",
    "190588835": "VOLTRONDEFENDER4440",
    "191034426": "ReaITayIorSwiftt",
    "191143394": "aford2003",
    "192878115": "JakeandRichard",
    "193487268": "StefanRobert12",
    "193501580": "vbgutt",
    "194235572": "mihka445",
    "198259412": "DecorousRangerover",
    "198503086": "spike_minecraft",
    "198682780": "zaacattack08",
    "199325216": "1Y0RKS",
    "199754660": "busandcar",
    "199818989": "ZeRelCaoss",
    "199869499": "Alfie_Fan123",
    "199979698": "kamilw89",
    "200293242": "Speedy_Thing",
    "200627085": "CardUndesired",
    "200833733": "ashkai3690",
    "201254926": "lovely_charlotte",
    "201966816": "Jlmac2005",
    "203057232": "AmazingSuperDylan",
    "205978136": "ThatEpicDevX",
    "207837245": "thodoriskara79",
    "208606881": "therealkraix",
    "208810265": "Avioxeiy",
    "211782388": "KindKonnu",
    "214274654": "hallo1142",
    "214631116": "ricaluu",
    "216109863": "hibyecry12",
    "217898259": "speedjones1",
    "218790800": "ThomasEvanz",
    "220289927": "hangname",
    "225139295": "pezzer2438",
    "227052239": "Seasontr",
    "228570216": "nws131",
    "228684902": "LeTerrienDu27",
    "229105033": "mark04322",
    "233133939": "1Epsilon",
    "236235383": "muffel1977",
    "237192982": "JackAttackJPG",
    "240481720": "ASimplylack",
    "240733241": "lymonics",
    "242606348": "noonebeatsaarav",
    "242755614": "ItsNxthan_123",
    "243448329": "d3xxterrr",
    "244686664": "babycorndog10",
    "247480799": "killerclownLV",
    "248325764": "huuyrrr",
    "250795672": "Thelegomaster2349",
    "254031798": "cfield15",
    "254090301": "ll1uke",
    "265120969": "Anteraska",
    "266506448": "jonrocco1",
    "268522120": "thecreppyCreeperyt",
    "269101342": "haztyl",
    "271813310": "skri26",
    "275849901": "VictorVernetti",
    "278138310": "JyeRidley2011",
    "278657657": "SonOfFragmonkey7",
    "278770050": "HANADCOOLKID",
    "280281135": "royalChrispin2008",
    "280319215": "ttjoneso7_alt2",
    "282663556": "akramer2k",
    "284319919": "12116800",
    "284324919": "Logiebogieboo",
    "285340566": "astroxpreston",
    "286216944": "SpeedyVibess",
    "286259175": "BendyBoy55",
    "287276070": "OndrejDomi33",
    "287926815": "kxubik",
    "288247813": "MORNINGM888",
    "290016392": "VibbinqJxcc",
    "290036092": "QueenBaldiex",
    "290405082": "tristanmera",
    "291233743": "Roblox_Solera",
    "296324083": "xnfalex",
    "296796685": "police4571689",
    "297136067": "daw1085",
    "297836394": "SalvadorPerez100",
    "298643886": "kdyn120308",
    "300764707": "cuddlytigger1234",
    "300822798": "robloxlee771",
    "303052481": "greggh7",
    "303402953": "callumjames2",
    "304352088": "Jeffman756hi",
    "305481567": "robloxrules756",
    "306989712": "safetyynett",
    "309365807": "MisoGamingSK",
    "309507662": "ArcticStarPlayz",
    "311230023": "enqrise",
    "311421825": "OliverRBLX1",
    "311732149": "alberto10xd_rbx",
    "313762667": "TaylorGaming2019",
    "315113184": "Purple_Devy",
    "317749997": "dareyleon",
    "317810357": "Figet9000",
    "320374280": "achqes",
    "320720609": "KxleRoses",
    "328754161": "apple5089",
    "332978773": "Maanuu26",
    "333059276": "TheAtomicDan",
    "334288613": "uhMikes",
    "335027300": "PureGamerGames",
    "336035044": "bostjanm",
    "336649128": "Lachlan_W8",
    "338214504": "EenSlimeJonge",
    "340703942": "Iuvsah",
    "342851724": "laughing2457",
    "342938817": "ryleyw12345",
    "343457255": "davidiscoooooolll",
    "344765031": "daimyh",
    "345593965": "xx_alexaviation",
    "346464347": "killahrose62",
    "350362751": "jaxpert",
    "351564058": "karterman2012",
    "353790260": "toinetp",
    "357014345": "missbellchaucer123",
    "361641302": "ojhallinan1",
    "362649027": "texis_67",
    "367804021": "BoxFortMaster711",
    "369852193": "jersey1972",
    "372446686": "Nielsken1108",
    "372900430": "PrincessE0604",
    "373457733": "doorkeeper50",
    "374357632": "ff_in",
    "374518354": "BrickGaming_TV",
    "375000737": "123mishmaster",
    "375427917": "FundedDev",
    "376450056": "jk4565",
    "377232740": "EthanLoves_GWR",
    "380347963": "gianmarcozb",
    "380512245": "1_unlawful",
    "380796873": "maxserg1704",
    "386958390": "itz_vulkan",
    "388612812": "dog00patat",
    "390729516": "hauser2222",
    "391424575": "sillydosh",
    "392735917": "przybysz20031",
    "392895158": "Deventted",
    "394344073": "LukeBennett7353",
    "394363830": "CamJackAttack",
    "394657667": "OfficerMatthewNeedam",
    "396196531": "ItzNordic",
    "396537829": "monster_bla",
    "401077268": "Columbux",
    "401723120": "CrazyPlayerM100",
    "403125631": "Miki1606",
    "403287781": "alvinstefs",
    "404504221": "NonToxicAnley",
    "407541892": "ashtonharley1",
    "408323390": "fadedtears1",
    "409041659": "auxbh",
    "409074161": "Yarik0304",
    "409325135": "bokje_09",
    "411935551": "kermitthefrog37",
    "412173818": "Kingofrobloxx119",
    "412398543": "AmaxOnBlitz",
    "413717310": "smileyriley201",
    "415172243": "GeekCornerR",
    "416094002": "AlexBartles2012",
    "416392694": "Nv4xuss",
    "416918260": "creatorYo120",
    "418523375": "Metropolitan_law",
    "419381845": "Evolcid",
    "420416154": "7bobas",
    "421248334": "exthious",
    "423462114": "jxckk2",
    "423810869": "vafasa52",
    "423981983": "poopoonica",
    "426222243": "lenalena2012",
    "429354309": "Smudla111",
    "429780180": "Cooper2M",
    "430817474": "JUGMBH",
    "432551065": "budharry10",
    "435269735": "TheGamingMaster49",
    "435497834": "DarkGamingRblx_YT",
    "439195202": "wiktorjano",
    "439812045": "stup18",
    "440404564": "II_tfl",
    "440515353": "GCGuesty",
    "440644671": "iandonutguy",
    "441031559": "thomas23012",
    "441049011": "K0N_F1G",
    "444568352": "ElectronicalParadigm",
    "444971047": "Sha4owz",
    "448037497": "lolololololole424",
    "449893319": "HisMajesty_CatCatsu",
    "452050440": "RobloxSuperFreinds",
    "453762051": "DOPS2525",
    "453777092": "XXChxnceXX1924",
    "456608290": "9bottle",
    "457587916": "marcinwek",
    "459461168": "imlovenicepeople",
    "461925490": "angeljin91",
    "463315164": "willow1343",
    "464730696": "woollistj21",
    "465022158": "Dvm05",
    "465295587": "enssi2",
    "466648876": "Lukey70_Gaming",
    "468669804": "shieldz123",
    "470549044": "home3460",
    "471144719": "semihenveryenen",
    "471302710": "Water_Osity",
    "471950741": "Mulllu_x",
    "472000590": "Ash10Legge",
    "472278680": "EweBlue57",
    "475194552": "seagulshowth",
    "475251036": "maxthebeast0590",
    "475568198": "earlydawn233722",
    "478346212": "Jakecarterpor",
    "478540874": "EthanDaBeast1236",
    "479576659": "nabbe1976",
    "480347563": "Matt_idkyou",
    "480387368": "desiredrozez",
    "480430025": "SkyShrub",
    "480524194": "doodle10123",
    "481526045": "bertybig",
    "482276132": "drytro",
    "483012634": "Hasdaz99",
    "483428702": "artistbird292",
    "485180374": "haydengamer87",
    "485211506": "ginger123540",
    "485716165": "whattupxd",
    "488098597": "simply0mark",
    "489025975": "LoadSoap",
    "489237842": "Skinflec",
    "489418534": "jqmeswxnder",
    "489784769": "Brunalsky",
    "490129713": "monkeymo8",
    "491012314": "MrPattacake",
    "492634517": "Hqxrtful",
    "495436938": "chickenpolp",
    "495560550": "BlouStyle",
    "495896244": "pawix21",
    "495963343": "Axilum_Light",
    "496317987": "NLD_Haarlem",
    "496604529": "AviationGiant",
    "497188168": "BeeSnoopsy_YT",
    "498992285": "Myron_power",
    "499153207": "vitoyotube2010",
    "499491810": "ertuju",
    "502573047": "arjan213",
    "502610315": "najlepszego",
    "504303377": "Grderol",
    "504319301": "Mariomon123_yt",
    "506529173": "MrDingus11",
    "510137047": "hryo_guy",
    "510712180": "tomsdevour",
    "510874267": "devbenjamins",
    "511620674": "ziodwa",
    "516674607": "rubyrubefan17",
    "517689363": "ilovecallum1210",
    "519670228": "Jakee_Bailey",
    "520081790": "bognog123",
    "523188173": "LeonLPTV",
    "524071407": "ReTauk",
    "529401412": "AvailableOllie555",
    "529996807": "iennonlol",
    "530253897": "Hipilandia",
    "530412321": "Pinqalo",
    "531201117": "askmyto2",
    "532792515": "offpist",
    "533585766": "kiddanger2036",
    "534565777": "xDnoob666Nope3",
    "535145143": "Mr_Podge6",
    "535282709": "XdawidX8",
    "538990229": "dennis0891",
    "539477928": "Kosix1",
    "541131431": "ajep12",
    "542263665": "rickpijnen2018",
    "543310612": "MakarAstanin",
    "543440373": "XChr_isxx",
    "543900689": "nikolausus1",
    "544028876": "aleksovskipetar",
    "546379685": "robloxnooah",
    "547006750": "Blonde_Tommy",
    "548054916": "Julpavv",
    "550960337": "x444e",
    "552915243": "sanjinfr",
    "553520862": "lokibear154",
    "554650629": "Araflooderso5555",
    "554901610": "rob4fu",
    "555481900": "Cone_AH",
    "555903647": "devinpro380",
    "556101408": "SnowBoy12766",
    "557184417": "Javgurean1000",
    "557734319": "greenbiro",
    "560163195": "Oggie2013",
    "560239211": "Wverm2",
    "562550840": "polcedg",
    "563061359": "monkeyade08",
    "563929914": "007matty21",
    "564000629": "Devon_TheGamer2000",
    "566579627": "HueyMcSpewy",
    "570451110": "police59150",
    "572168388": "hark81",
    "572549636": "xx_darkgame12",
    "574911413": "funwithspud",
    "575107559": "55kAllStxr",
    "581245305": "africannaventi",
    "583455050": "EvoXnti",
    "584030623": "scriptedint",
    "585045175": "lukasdad825",
    "589456584": "Ares122009",
    "591267837": "Matilight2011",
    "591525663": "XxAztrecGamerxX",
    "591962367": "stransky99",
    "592051658": "RainbowRosieToes",
    "593055905": "pilotbennett",
    "593420717": "daniivanovivanov",
    "594360019": "SouIDesiree",
    "598125153": "sasinek12",
    "598152172": "PremaK2010",
    "601330912": "adri999an",
    "601461785": "nathanandolivia1",
    "604476950": "MrCookie_TheBoss",
    "605958949": "melkebartduharfarti",
    "616494797": "matt31040",
    "619442193": "Aleks141010",
    "620669323": "getyourna2009",
    "621306520": "Sean_Developer",
    "627130223": "Polagage1",
    "628848562": "goparksgo4",
    "630186873": "popeyxe",
    "630478555": "aydecyman",
    "635822694": "GalaxxyAfonso",
    "638126340": "MatthewRRangan",
    "640179304": "iiHRBX",
    "641197106": "J20_iCrazyTeddy",
    "641307501": "Sandi_AlfieH8",
    "645075675": "jeremi_lab",
    "646071116": "Tom356824",
    "652051760": "elevator713",
    "654007448": "ruel1772",
    "654526663": "Mrolive1",
    "654919980": "FireFighter56565",
    "655355682": "fiCI44",
    "658431971": "YumPizza86",
    "658784966": "Martinecek_cz10",
    "662173898": "Josh01_RBX",
    "662522220": "beestd50",
    "663083546": "DrageMonsterBoy",
    "663966561": "Floorek100x",
    "667944879": "alvinbank1",
    "675581790": "UN_RBLX",
    "676425259": "mikroprofin",
    "676818355": "Bubbles_Xenial",
    "677551423": "x1Ja_ke",
    "680371994": "maksim_ribina",
    "685604624": "bellabest92",
    "686122171": "floofyfloofify",
    "686574821": "Tactician_Boy",
    "691422254": "tobythedj777",
    "692501237": "poldc11",
    "693269408": "HyPeVrTx",
    "694615084": "isaacfeather",
    "695779194": "Josh_0MG",
    "695934583": "Ilyycam",
    "695950676": "Mark_Gergely",
    "697126312": "ThecoolHD2",
    "698744024": "boler1000",
    "699992402": "Matteluso",
    "700489454": "Callan_Dev",
    "708540991": "L0V3M1K3",
    "710074432": "AFrostedStem",
    "714412933": "Doknesj",
    "716429855": "longman0109",
    "716761693": "comfycass",
    "719268041": "timololkippen",
    "723307478": "iiBubblexs_Catilin",
    "723693920": "Sternchengo",
    "723881938": "istriapa2a",
    "724712544": "Astradeus",
    "725105221": "einfach_maarc",
    "727651954": "MinecrafterDam4",
    "727875251": "tommypudding11",
    "728027236": "nicio28",
    "728575063": "RealUIDev",
    "728710649": "ethilips",
    "731451029": "DamianPod6",
    "731769618": "zanechicken7",
    "731876984": "ireallylovetrains11",
    "732774516": "ERICLOTTE123",
    "734873363": "AstheticLaw",
    "743169008": "peterik2011",
    "743351648": "bbbwrzx",
    "747048565": "babyduckyt98765432",
    "750216534": "Kacpernemo123",
    "750464314": "CreepyCaybz",
    "752443769": "CzarekPCzarek",
    "755848465": "SL4YD3N",
    "756067121": "Rickzeewolde",
    "756503279": "christoffer5467",
    "774573791": "1ukeqs",
    "775272054": "zachary64657",
    "777101137": "frjhue",
    "777215908": "lewisnuter1234",
    "779230053": "ivanix890",
    "780316097": "kevinke760",
    "782498150": "olosz2",
    "783480349": "gkukl123",
    "790449977": "RyanDevsRB",
    "795320779": "T1CTIC4LCOMB4T",
    "800705120": "SIME116YT",
    "810183775": "vestr1e",
    "812900440": "Mr_Magoogoo1",
    "812905612": "RyanGonTV",
    "813207368": "averzIy",
    "815107657": "24J14",
    "818165412": "zanexbox3600",
    "824008783": "Palexzand",
    "825870296": "itsc0deee",
    "828247884": "noud_wessels",
    "828480419": "lambypamy12",
    "828623893": "Jordanbug800",
    "829241347": "ccsausage123",
    "832695759": "CuteAngle200808",
    "834861580": "BetaTide",
    "834929855": "Warszawysk",
    "835142623": "3harry333",
    "836791554": "braedenfurlong123",
    "838889117": "babaroga1294",
    "841414751": "Koning_Dirk",
    "841621653": "78dsa",
    "842532421": "Krysaccekk",
    "845800209": "Sinman0119",
    "846430431": "ItsDestructoProz",
    "846449398": "FlavorfulRamen",
    "848626644": "MurrayRBLX",
    "850882190": "Seriouslee13",
    "852930054": "cooldude64823157",
    "861073034": "ch5s3",
    "861549614": "UniverseLawyer",
    "861750554": "oneisonetoomany",
    "865821656": "raining_fun11",
    "869742973": "DecentAgent",
    "870289683": "marciloci",
    "871379341": "Alcyion",
    "871570412": "Kesimba7",
    "874535678": "GoldTroopers",
    "877664367": "katinas2222",
    "879125587": "Da_Fr0st",
    "884867929": "louist5e",
    "884939529": "TOTITIM",
    "885719967": "F1rxzz",
    "886318159": "timmert010",
    "889218002": "Callumx49x4",
    "891878239": "Sun_S4t",
    "893200778": "ryanvanderwal2006",
    "893292193": "RobloxLP1234567",
    "893411720": "2898t",
    "893432182": "Oopits_Rash",
    "893470159": "Dawidusiek9",
    "894681763": "cam35646534",
    "896163041": "police99916",
    "897068916": "imnotchachelox",
    "898867301": "EDC201128",
    "898897680": "lockmane912",
    "899724216": "therobloxmaster12ab",
    "900720350": "tjeerdsma2",
    "902329658": "ilovecats7715",
    "903900245": "GamerGuyYTube",
    "904913176": "busgta5chop",
    "904928196": "MyCharacterIsHere",
    "905129436": "tigertalbo",
    "905288897": "hallebaiIey",
    "906434796": "cadeeni",
    "907168936": "owenisabus64",
    "908012709": "AppleJackk13",
    "909984243": "Alfie07turner",
    "912988978": "47k_Goat",
    "918394368": "Zakiricsi09",
    "918537390": "peteswrld",
    "919552331": "TransportForRBLX",
    "920185985": "haw8411",
    "921535402": "EdwardFColman",
    "922399325": "TomYTofficiel",
    "924747952": "andreandref4",
    "925616315": "Neplioz",
    "927122682": "jan_LOL100",
    "928207358": "thepolicechef",
    "930128437": "remo1084",
    "935830889": "TINANOU60",
    "935834211": "FortniteFreaksYTube",
    "936285498": "tierdostrich1",
    "937257212": "Gavin307715",
    "937388841": "pontevedra6",
    "943412217": "DanielCrasy090",
    "947526905": "nooklels",
    "950807347": "JustLemonPlays",
    "951721478": "ergrgtu",
    "953149605": "Remus4u",
    "953349011": "iamgman8",
    "953573531": "Hellothebello",
    "955352310": "user320080",
    "955899734": "PrincessBlossomSky",
    "959023285": "zabiaka666",
    "959888503": "winditupsiah",
    "961787352": "MazonZY",
    "963133877": "MTT1322",
    "963591238": "radbaker259",
    "964019767": "funnehfan1101111",
    "964759291": "quinnybooy2348",
    "967034165": "Scripted_Connor",
    "967436163": "SpentMercury",
    "967915490": "pqq46",
    "971479786": "XIgorekyt5684X",
    "971651896": "docks974",
    "972009991": "Brayden_PlayzRblx",
    "972256938": "2shotzkai",
    "975264947": "waldiko",
    "975295544": "CathalSlayer6",
    "975327795": "lllol234",
    "977519923": "Familyggaming",
    "979109347": "MateiGabriel1234567",
    "980044047": "BlueyBoy3",
    "980834625": "levilabany",
    "982651722": "xChickita",
    "982816256": "xx1234xx10",
    "983678111": "NS_office",
    "987563576": "hkloppo1undGizem251",
    "993176882": "WAIN43",
    "994689328": "MaksDivine3454",
    "996090228": "C00lWaffle",
    "996589445": "frolinis",
    "999206274": "Mama_Sillyyy",
    "1000000469": "COLLDIE2",
    "1001089734": "Niki_Tom",
    "1001148161": "200kai100",
    "1002821545": "ArmedF16",
    "1003352987": "aiden13284",
    "1006161003": "markusqw11",
    "1007115213": "viziosoundbar",
    "1007719338": "California_Division",
    "1010589788": "Zain221x",
    "1010672878": "filip1345111123",
    "1011613623": "raptorXSr",
    "1011749511": "hilazon2010",
    "1012752620": "jennokaas",
    "1013143046": "rayyanheyplayz",
    "1017142548": "Redhair51",
    "1019459426": "nutty_boy2019",
    "1019596843": "phoelix1234",
    "1021836927": "Dubs66u",
    "1024981875": "15kAustinw",
    "1025585268": "Specki555",
    "1025712431": "leFxnn",
    "1026171790": "TOM_NOOK1111",
    "1027733718": "AviatorFood",
    "1029670744": "Koalacute32",
    "1031610483": "lukaskit001",
    "1034184503": "calthecoolguy123",
    "1035371922": "Ethancoinoprated1",
    "1035616130": "Jay327vga",
    "1037576342": "leomalo1",
    "1039110364": "ZaneTahaB",
    "1039452413": "nxthvnnn",
    "1040317510": "Melonfairy212",
    "1040358750": "FloodgamerXXX",
    "1043777849": "finlayallman1144",
    "1043786977": "rjay241113",
    "1043979132": "P1p43",
    "1045197736": "FavytLeahandSanna",
    "1045427106": "janfastiii",
    "1050185298": "kupakupakupa1234567",
    "1051190736": "whitebus2000",
    "1052292512": "Milozevitz",
    "1053742804": "MisterToll1",
    "1057549569": "BestOf1008",
    "1057700971": "AmJeann",
    "1058684750": "RealMrSmarts",
    "1064744539": "Tim21072008",
    "1066204172": "dogstrust2009",
    "1066406268": "SnakeboybenRich",
    "1069011139": "knighty106",
    "1070101246": "connor121012",
    "1076067522": "iTagYourIt",
    "1076440425": "1gt19",
    "1076578672": "xxoxxo341",
    "1081957532": "TPRethan1",
    "1084802679": "noazoenoa",
    "1087740359": "xlcuciq",
    "1087987389": "unspeakable55y",
    "1091005959": "pinkrosejessxx",
    "1091158996": "Dq2rk",
    "1092566735": "Ardablock2007",
    "1095442723": "Robloxian754251107",
    "1096392651": "benjamins5320",
    "1098585421": "jaymo_123456",
    "1098709853": "DoggeBoyz",
    "1099150121": "purplebaconytt",
    "1101096387": "Leon321abc",
    "1102467099": "fififi2019",
    "1102652851": "lol142237",
    "1110805829": "adamko2019a",
    "1111157591": "Joexyxo",
    "1113087119": "Glina13333",
    "1114660637": "piesio30admin",
    "1114705766": "eae898",
    "1115696900": "SwIxiYT",
    "1116582389": "hellomaynameislarkyn",
    "1116809886": "Kotek_kar1",
    "1116871933": "GarnMelwinM",
    "1116894094": "Ferdii130511",
    "1117644943": "bluestarchase",
    "1120385207": "Michaeluuss",
    "1122021603": "Me100mm",
    "1122140554": "urihahsmith",
    "1123155524": "gote4345",
    "1130044868": "24k_Bradyyy",
    "1130067177": "Kiki344r",
    "1130323875": "monkeyjperdue",
    "1132629721": "lolfeesten12",
    "1133088982": "zimogu",
    "1138910645": "Kapi_tube4",
    "1142135518": "W1llpethunter",
    "1143662504": "costarica200",
    "1144617349": "przem343",
    "1145005162": "kidGiant08",
    "1146685277": "VerifiedStructure",
    "1152554631": "vnickcam",
    "1152603056": "yourjjp",
    "1152635671": "romanticscenes",
    "1153827511": "belguimrobloxgamer",
    "1157142495": "adjdyfytd_RBLX",
    "1159994482": "hfhghgil",
    "1160166283": "mischievous_orbeez",
    "1161618013": "Reset39252245",
    "1162024383": "uhZeyrox",
    "1163687193": "Adamko2409",
    "1163845090": "RrOM2000",
    "1169085356": "alfman209",
    "1169362290": "iiMxtt_Destinyii",
    "1171355313": "Blueismmm",
    "1175574711": "foolman124",
    "1176709729": "GentleAzaan7861",
    "1176821608": "bistboy123098",
    "1177918709": "TomChap96",
    "1178246401": "cas3eee",
    "1178889221": "stanleyha12",
    "1179941489": "JoeTVGaming",
    "1184862143": "Timmi2808",
    "1185144176": "Ryno0800",
    "1186746056": "isaa6667",
    "1187349122": "NintedoSwichGamer",
    "1187410282": "gameoverbro66",
    "1190208471": "Xonigi",
    "1191529704": "keyonair502",
    "1191626125": "jayvials",
    "1193166002": "StudioArf",
    "1193398443": "KaileyLatisha",
    "1194292982": "Dr_FizzyYt",
    "1194778173": "joelybelly08",
    "1195737268": "FSTAR06",
    "1200828319": "TheBloxburgAlex",
    "1203825849": "HappyBrothers11",
    "1204112369": "spashtimmy",
    "1205886524": "alexred1681",
    "1207132928": "fildamilda13",
    "1207155567": "Ryzan27",
    "1207720813": "dunky42",
    "1207886897": "Zakki0406",
    "1213205670": "Micro_Develops",
    "1215019537": "aokloss",
    "1217451788": "Aydenpolice001",
    "1219958484": "oncowcow3333",
    "1221385011": "MousePlayz_Gaming",
    "1221386441": "pz9_tebestfitero",
    "1221682068": "Al496ex",
    "1226506448": "XdecstarYT",
    "1226551973": "LiamoRudecool",
    "1226714148": "zenteboss",
    "1230195383": "Mr_Builder07",
    "1231242764": "MLRT01",
    "1232639321": "0NLY1N04H",
    "1239930000": "jipjap091234",
    "1242359377": "TheTeslaKing_Conor",
    "1245634804": "s12taakl",
    "1246061050": "campcamping",
    "1249665262": "fatmanmoney123",
    "1251436477": "Horsefan2689",
    "1251611904": "CrazyMacAttack1357",
    "1252055271": "avadakedavrayeah",
    "1254295876": "justin_0558",
    "1254419029": "Louender134",
    "1254919239": "rl3wis",
    "1257431967": "Siilvermxoon90",
    "1257949729": "Furiasrobot",
    "1257964193": "demsakar2010",
    "1258012475": "pancakeface12333",
    "1259543237": "CameronTheGamer99",
    "1259597724": "brummiestu19871",
    "1260112439": "robloxrobot201362",
    "1260653199": "KarlikKad",
    "1264194157": "LeBanania",
    "1264645879": "FelicityMesa",
    "1264673878": "aldjo23",
    "1266041997": "Aprikosepro",
    "1275376431": "B00PUP",
    "1276865504": "andrey956513",
    "1277295691": "Tebbot_Dev",
    "1280490709": "Bathgate3",
    "1284005597": "LJShep09",
    "1284869198": "bbenjami55",
    "1298723982": "kontomurr",
    "1298923513": "Harvtyler1234",
    "1299027809": "DemonXXXSouls2000",
    "1306278434": "matej76701",
    "1311562135": "vlsgna",
    "1312713224": "AlexTheOofGuy903",
    "1315438130": "lucas344544",
    "1318097410": "oak13oak",
    "1319842498": "4qtom",
    "1320516639": "HLthemusical",
    "1326467895": "Doge_cze2009",
    "1330103293": "nadijasemic",
    "1331299710": "VladimirProstakov",
    "1336137597": "ariisbvkery",
    "1336589018": "JadensCentury",
    "1338047057": "GamerStackDev",
    "1338579366": "sparks917",
    "1338747815": "Snubben56",
    "1338916778": "sandwitchman361",
    "1339880621": "Kirilltmo_gaming",
    "1340082337": "Antosianek1",
    "1340510166": "electrodragon12121",
    "1344680373": "fred_samsung14",
    "1345932931": "FJDavis1",
    "1346061799": "StevenAviation",
    "1348033154": "WilkcSwe",
    "1355723163": "SubToChasYT",
    "1357860692": "24kBr0die",
    "1358046900": "boubabibinette",
    "1363757788": "plane3122fly",
    "1364290075": "campcamp2020",
    "1366363464": "felt81",
    "1371664780": "rxlaxdl",
    "1372020770": "2utton",
    "1376907643": "AlexF759",
    "1378319498": "pizzalegokid20",
    "1379538181": "Beaudiddly2014",
    "1381111350": "lasetcamel",
    "1381872487": "Lovvos1",
    "1383622618": "jerzyskorupa",
    "1385630698": "Nickeymagic",
    "1386070393": "Anfieldlion09",
    "1386240906": "Fiire_ProHD",
    "1387411303": "tristanwalton72",
    "1388176337": "LN_4Fan",
    "1388245819": "Hiqqqqqqqqw",
    "1389470643": "toronto16600",
    "1390284986": "BlockyCreatorsYT",
    "1391392492": "AnonymousScarlett",
    "1392337044": "JRGWasTaken",
    "1393279067": "banana314444",
    "1394545894": "Lenox320",
    "1397148735": "drousavy12",
    "1398492739": "spud_2021",
    "1402360348": "Pro_ZEssional",
    "1405545320": "kuba2020rt",
    "1406564755": "itzzz_Marlon",
    "1409702520": "7vh6",
    "1412931621": "kumannenr",
    "1413485315": "iamjeff1w",
    "1414358002": "LaFamille_roblox",
    "1414492377": "Jondeer122",
    "1414588860": "igorkoigi",
    "1414728750": "TrippleJStudios",
    "1414997123": "XDeveloperXTX",
    "1417788609": "queenkofi",
    "1423301160": "BeyBlox_122",
    "1423910276": "tilliban0102",
    "1424982308": "Super_DM2013",
    "1425392484": "liondragone",
    "1426574616": "banis12378",
    "1427016216": "MarioGabriel201028",
    "1432378757": "KevinIsABoT1",
    "1432393701": "brodalicious12",
    "1433050763": "bartek4844",
    "1433323279": "Xawii6",
    "1434415690": "Clonnygamestyu",
    "1435027781": "itzjulek",
    "1435351820": "NateRoblox2020",
    "1437143000": "Lucashaigherty8",
    "1437921629": "JxckAvante",
    "1438928917": "unkwon77maxemer",
    "1439184405": "kronplatzfan",
    "1439187118": "ErenPr038",
    "1440069732": "bigkiwiboi",
    "1440710702": "ash_only2",
    "1443951403": "Matteobifi101",
    "1446291894": "TypischStian",
    "1447879734": "AndresHD110",
    "1449959822": "newlaptoppro",
    "1451248831": "K3NZl333",
    "1451631938": "bloxycola1p",
    "1451776005": "water_mintt",
    "1455824440": "traeshonalan",
    "1456698605": "RobloxJeDebilovina",
    "1457324656": "hugothedragon23",
    "1457457826": "InstEnteffects",
    "1457967871": "ollistarolli7",
    "1458530724": "buddymanhhhh",
    "1459134647": "ytxz3x",
    "1459239207": "flvidity",
    "1459446641": "R47j",
    "1459777925": "Modernised_Mania",
    "1461731868": "Brookenfaces",
    "1462461963": "UhJose_ph",
    "1466581082": "Pikachu2010thebest",
    "1467904179": "Tymi99909",
    "1469588769": "Nathi_131",
    "1470090354": "Tinycap1",
    "1472668565": "Tafelpoot_01",
    "1472842798": "prorules15",
    "1473441072": "Kingcooney232010cubs",
    "1473979674": "Amila_142",
    "1476167873": "AccelRanger",
    "1477919602": "sizzle5010",
    "1477993765": "Grillmean2",
    "1479294461": "Oliplay_Developer",
    "1480268673": "vomito66655",
    "1480685856": "rubykin10",
    "1481252042": "artscraftsjay",
    "1482585377": "Astutebear2017_Alt",
    "1484176701": "Flupjamin2010",
    "1484352588": "AlpinerXV",
    "1486463682": "funnyguyroddas",
    "1488857857": "neonfligter296",
    "1490897396": "hahahhsshue",
    "1491727104": "rytyfrs123",
    "1492427522": "jayden_bro09876",
    "1494217007": "codeluke567",
    "1494334120": "xXFabulousRobloxXx",
    "1496590680": "securityalarmtester5",
    "1497515486": "Explosiongamer2020",
    "1499991249": "dello2010",
    "1501249178": "idisha12709no2",
    "1501561562": "Neulamm",
    "1506034913": "bnovecarpet",
    "1507522692": "CheirmenOnTop",
    "1508676134": "Capitaine_R0cket005",
    "1511588179": "Maltstars",
    "1512465175": "LeoBeomkl",
    "1512962456": "i_jxshyy",
    "1513042666": "Fire_Phonix110",
    "1514989515": "brechtbrecht222000",
    "1515655838": "TeaH2O",
    "1517196850": "KDHGETTETEYDZGHHEJ",
    "1518095557": "tufumukl",
    "1519073315": "DesiredExcel",
    "1519418702": "foxyks123",
    "1519607262": "Antiscartino",
    "1521420392": "zertybee_5",
    "1522128003": "bobbyswaine1",
    "1522221668": "Magical1111112",
    "1523277193": "ashannabanna",
    "1523974574": "m4rkybr0_alt",
    "1524286881": "jumping12frog",
    "1525662952": "Soulincy",
    "1525663115": "ddhkregel7",
    "1527378431": "Noahline3",
    "1528311834": "heuhmcdev1tt",
    "1529336929": "TommyPiotrowski67843",
    "1531599966": "RileyRCNet",
    "1531835532": "darwin331122",
    "1533057715": "Ayden5967",
    "1533789999": "iqoaliz",
    "1534508717": "Reallyradoli1344",
    "1534657389": "Cool999box",
    "1535668975": "Maruda20121",
    "1537897703": "ItxKieron",
    "1538137925": "sergeantsamb99",
    "1539355428": "Ekamrye2021",
    "1539397729": "dxpsoul",
    "1539846923": "DutchtuberJobbFSenne",
    "1542078253": "nojushyper12",
    "1543573520": "11bodhy22",
    "1545449523": "lpank0",
    "1548131665": "ArtBrickx",
    "1549774176": "SKYrainbow2049",
    "1550400969": "iSimplyyTxi",
    "1550834774": "Tehepicbigman712",
    "1551208865": "noah01q",
    "1552141155": "BobbyIsTheBest8711",
    "1552237912": "Cheeky_2810",
    "1553181195": "dominik_krasy",
    "1554219716": "alissattina",
    "1555068741": "Nevs130",
    "1555634435": "x_Maxyy",
    "1560903525": "coolboycarter55",
    "1561132554": "VerifiedAapje",
    "1561520243": "January_092000Chuc",
    "1561546101": "happyTammy22",
    "1562641996": "Vqnite",
    "1563128665": "nickk123459",
    "1563910762": "Robloxfan8s",
    "1564812821": "6akamakadrik",
    "1564947260": "xxten_lifexx",
    "1565374259": "Erikxai",
    "1566614571": "RockBelow",
    "1566789115": "kajtk1",
    "1569465284": "Jopio0819",
    "1571761487": "fotel007_2",
    "1572550585": "jamiedodger2310",
    "1572608187": "HANNES2611",
    "1574358161": "leeb345235",
    "1575193948": "jackjans1234",
    "1575496187": "C_AMERON21",
    "1580846686": "lordo267",
    "1584045459": "millarvanilla",
    "1584886937": "eeeeerrrtttttttttt",
    "1585924105": "drvopx",
    "1586261412": "akexlikebos",
    "1586337939": "CharlieOMG303",
    "1588172714": "potcyhuvtyvu",
    "1588357939": "electricisaac1",
    "1588450199": "jansen_tessa",
    "1590265336": "Jam4life77",
    "1590892968": "adoptmeseller1039",
    "1591015202": "mrtommyb1244",
    "1592843700": "FantastiqDev",
    "1595211604": "jacobbell144",
    "1596081119": "Inski2Worm",
    "1600369022": "Asko2423",
    "1600930974": "Mickeymouseleosmith",
    "1602220063": "jimmylad555",
    "1602589136": "Pietkite",
    "1603801227": "EvanDevvv",
    "1606013827": "TilTak3108",
    "1606668244": "Gbox_GamerNL",
    "1607588700": "CJGamerboy3579",
    "1608485927": "uni385643",
    "1611374197": "luke_playz5562",
    "1614497896": "robloxking262011",
    "1614543204": "DO_FLIPEDxYT",
    "1616821984": "adibgamer_11",
    "1617354000": "witherdbonniecheck",
    "1621054436": "modeltrains11",
    "1621761865": "Bar66tx",
    "1625828834": "Guest_635191",
    "1627754341": "Forzafan123470",
    "1627761082": "Rowananeurin",
    "1629436133": "Loadspecs",
    "1630595197": "kailiddell2009",
    "1631208916": "Alfie_Pro990",
    "1631485525": "vyqwaintfan1119",
    "1631844030": "berycram",
    "1631886904": "sanjay_hq",
    "1632468571": "happyfeet12_13",
    "1636089062": "XxiiArcticiiXx_YT",
    "1636105806": "Pc5135",
    "1636375544": "yeetdabab",
    "1638304641": "AlexLovesRBLXNice",
    "1638577483": "jamesmagame",
    "1638644208": "Liverpoolisgod12",
    "1642518212": "GlobalM2gamer",
    "1643134885": "S409_MODS",
    "1643220705": "SYMP4CT",
    "1644953594": "dghlkxyvdyxj47",
    "1648115367": "KiylloRen",
    "1648669597": "NinoE123456789",
    "1651577041": "BlueGamerLinks",
    "1652513752": "iimonkeyxxs",
    "1653117514": "DANKEYZX",
    "1654571598": "snowhead09",
    "1655015522": "BaniCraft_Roblox458",
    "1655563680": "45ygreek",
    "1658944309": "EnDoxTen",
    "1660680852": "BigArdBananaz",
    "1660749669": "AJC3950",
    "1663028668": "IndexSearchx",
    "1663650880": "Zvlqr",
    "1665745336": "okkie2013b",
    "1666413221": "asierprooooYT",
    "1666465038": "Realrichandcutiegirl",
    "1667745632": "Simply_Solly",
    "1670560601": "ThomasJHathaway",
    "1671088020": "ImNotBrayBray",
    "1674140819": "bienboyv2",
    "1674212864": "Aaaaaaaaaunf",
    "1676380143": "fortnitegod3411",
    "1676606567": "mattypb2011",
    "1676878267": "BloxNewsTeam",
    "1677502086": "SethPlays31",
    "1686705633": "coolerhawai",
    "1688517739": "Trooperjacob8_Alt1",
    "1688934732": "PinewoodgamerlabAcc2",
    "1688959166": "hacher9573",
    "1692611643": "iArrivaAshton",
    "1695066680": "minecraftpro461246",
    "1697629655": "MateiOMG35",
    "1698031578": "Michael_s15",
    "1698102878": "Scouting201",
    "1699666917": "Adoptmygamer2020",
    "1705573373": "pxscal361",
    "1705787137": "MilliePlays31",
    "1706518323": "spiicywings",
    "1707969290": "LordScaith",
    "1708138422": "BigBoiSushi124",
    "1708379069": "beaudssssss",
    "1709933974": "matikolt90",
    "1710680539": "exoticozz",
    "1710712806": "Maske_vergessen",
    "1711503952": "KhalidTheGamer123345",
    "1715483529": "Papyrus_FR09877666",
    "1715539750": "Ronnie_Dev",
    "1717134435": "BaconPro_20201",
    "1718867715": "JMKR1723",
    "1722271565": "jakboy2713",
    "1722601789": "xOllyxF",
    "1724600590": "iloveaunts2020",
    "1724662213": "3dmarcin",
    "1728086335": "Maxmustermann345",
    "1728117736": "xxxLordCZ",
    "1728143264": "dylonbuildingac",
    "1728999811": "Flamesforgames2020",
    "1733911757": "adamka16673",
    "1733937099": "Geencommentaar1207",
    "1734102247": "MrSlugmoon",
    "1736145144": "jimthe123",
    "1742692948": "ejm434",
    "1743077835": "Charliei47",
    "1747379664": "Fxs72",
    "1748994182": "thegilbrothers",
    "1753515357": "PPaa2010bt",
    "1754541943": "obomba501",
    "1756873944": "CrystalOceanHolder",
    "1762107412": "11as21",
    "1762311104": "Jotubepro1234",
    "1766709657": "Le_Kea",
    "1766845468": "ghrobotic",
    "1768556322": "HelpMxsty",
    "1770529664": "michaldeska",
    "1771716559": "Elsa_6782",
    "1773583346": "xovicly",
    "1774060496": "kjmoore_yt",
    "1778114592": "Ritselaarr",
    "1784893128": "Barszagi_2011",
    "1784905130": "cobnoob1234",
    "1786179821": "ropro1084",
    "1788906473": "johnaiken20087463928",
    "1789159720": "bowe2314",
    "1790109415": "MirValor",
    "1795942794": "toycar9900",
    "1799081937": "icare90",
    "1799267286": "public_hanzo74",
    "1799405559": "Maurotjeiscool",
    "1799959496": "trishasroach",
    "1805408759": "Bennybearisbest123",
    "1805563045": "AleDrogoo",
    "1805970643": "PurplegamingNL",
    "1806418677": "nichotheman2016",
    "1807055520": "keithtimmins",
    "1808879050": "Blackpando52",
    "1809127187": "Sy2aas",
    "1809309138": "decallsop2008_3",
    "1809776052": "judlvm1234",
    "1812015316": "RYHPlayzz_247",
    "1813058140": "jfjsdnneru",
    "1813822309": "r1eexh",
    "1817295547": "SlayIuki",
    "1818839114": "BIGTASTIELOL",
    "1819977415": "jxshivee",
    "1820795555": "OderSo24",
    "1821209478": "andreas756iv",
    "1821693884": "Roblocks19472",
    "1824957565": "EvaHayton",
    "1825424143": "theelcraft1489",
    "1826791295": "partington77",
    "1827374090": "catfaninlove2",
    "1828481079": "flexytheworset",
    "1831321259": "pokeballfan1030",
    "1834891518": "Kyano_NL2",
    "1837358183": "RafaSemCorte",
    "1837360256": "W_4lt",
    "1837499782": "oflmb123_RBLX",
    "1837643503": "Diegoatracv2007",
    "1837646804": "easygoing33",
    "1850928858": "TheSaintsSoul",
    "1851714160": "croyvc",
    "1851828401": "27kxfading",
    "1855269583": "glasteller",
    "1856921623": "Diorlx12",
    "1862114604": "jamesss0911",
    "1864912079": "HuHongJun_YT",
    "1866295793": "Juliabk911",
    "1867438486": "alt_dishenxx2",
    "1869981592": "Bloxy_Ocelot",
    "1870350874": "SchrimpLeiche81",
    "1881462166": "alens21513",
    "1885345978": "Luca2011Pepe2017",
    "1887818210": "AngerminecraftYT",
    "1888346187": "tomekk643",
    "1891984570": "Cr0cScore",
    "1896137318": "YTDQD893",
    "1896557145": "alex6cars",
    "1899506347": "NotLoouie",
    "1905726776": "HULKBRUNO2010",
    "1905973329": "AOPAWRT",
    "1905978509": "footypro290",
    "1910621052": "iknownothingnoob",
    "1911406501": "CSYON_Official107",
    "1914532214": "Ian_Commando1",
    "1915468048": "Fish32296",
    "1916227711": "Unknown_151Official",
    "1923593563": "Forky4L1fe",
    "1930318570": "FluffyBurgerHolding",
    "1931193471": "xDLiveRBLX",
    "1935196177": "H201_14",
    "1938060681": "konrads1548",
    "1940856540": "griffithsalan",
    "1942965734": "Jessunjgkka",
    "1943991873": "Jackophxz",
    "1945670200": "Zetedoctor001",
    "1950684530": "Timo_Langnickel",
    "1953327324": "alfiegrierson86447",
    "1954626639": "tyconowyyt",
    "1956117881": "V3rktic",
    "1963057652": "jumpingRyannnn",
    "1969848810": "notiamstevenb",
    "1972788081": "VR_NEWS",
    "1972852302": "Novavoff",
    "1982003812": "xxFynnWasGehtxx",
    "1982412592": "bdog127456",
    "1988637005": "Brxzews",
    "1992162416": "mirek123wiktor",
    "1992944831": "JakeNeame",
    "1993588561": "TheRealBabuJacob",
    "1994820942": "MUDrPeti2010",
    "1996633657": "GreenRovxr",
    "1996691569": "satemeneergaming12",
    "2001727841": "Gabidiego111",
    "2005309980": "TheRealConnorPlayz9",
    "2006952104": "superboyz123111",
    "2011371197": "Populardrog2",
    "2011804547": "The_smarttheo123",
    "2015428332": "jxdxn_14",
    "2017703900": "brodieandkyle",
    "2021123979": "THEAndrewcm58",
    "2022023470": "Vrtrusted_devil",
    "2022442155": "hallopizzasch",
    "2023094353": "RealCrocy",
    "2027837309": "SzNifle",
    "2028407002": "Yallstank77",
    "2029160713": "richaadi989",
    "2029827990": "xXSimplyJaxonXx",
    "2030209556": "MathisBsst",
    "2032798479": "bybyshark_56790",
    "2033496411": "EmeraldRailwayVids",
    "2034684389": "Bartial20",
    "2035246218": "Stoilov2000",
    "2035711720": "Lp_nice1",
    "2039540160": "reloblox23",
    "2041138735": "SebyIepu01",
    "2041533214": "Sam_osaMan73",
    "2043024896": "ilovebon2020",
    "2048279411": "Jaidoxz",
    "2048699382": "robloxaltaccounts8",
    "2050556330": "1x1x1x1_officalacc",
    "2052238092": "Blue_Orcaa",
    "2052570697": "studiomoon_cz0",
    "2061968645": "Timond11",
    "2062432071": "ols_bols2014",
    "2062571061": "roblox11mlo12338",
    "2062677855": "nonote62330",
    "2067451744": "DamianS0912",
    "2201446583": "KingCharlesSpaniel13",
    "2201638227": "regrets_whippyman",
    "2207675311": "Harr6068",
    "2208554665": "sharkking5286",
    "2212189758": "ParkerGamez2",
    "2216031060": "OM_Vaske",
    "2217163019": "alexanderhome898v",
    "2220972890": "ethans_roblox10",
    "2225793730": "CreatorHadley",
    "2226736919": "trooperboyyt234",
    "2228676333": "Malekbro1Real",
    "2229453913": "clementmoi20",
    "2231296044": "wwwuwpu5",
    "2233665813": "Jermaine22015",
    "2236311346": "Osito0337",
    "2240352208": "YourSepvDev",
    "2240606053": "thysthibo",
    "2240917916": "chazhl20",
    "2241026145": "codename_rocco1",
    "2241100084": "Starjustin16",
    "2241886691": "hyperdragon1979",
    "2242314964": "Sadalmam2YEET",
    "2245928065": "yefewyu",
    "2247873802": "xVultun",
    "2251537571": "poggers123456742609",
    "2252053152": "Adam_Protected77",
    "2253358432": "Niklas_robo",
    "2254470099": "DountFactory98",
    "2254924087": "kidswillems1",
    "2257821587": "deguest45",
    "2259894566": "officercat1437",
    "2260106306": "moileo00",
    "2262561675": "Immortal_ninja02",
    "2264840221": "YourRobloxianDev",
    "2265494470": "iAnatomy",
    "2268439948": "RobloxianmediaRBX",
    "2268575842": "heyitsmejdj",
    "2269072055": "vallezengli1324",
    "2269144809": "Cese_05",
    "2269476571": "MARTENDERZOCKER",
    "2269721183": "connor666A",
    "2270776025": "NOETSKE",
    "2274557677": "SyntaxUnlimited",
    "2278371332": "juls661",
    "2280967438": "123hsbhsh",
    "2283766708": "LuisDaWollf",
    "2285225630": "gracz00090",
    "2285248954": "Rjay99g",
    "2285558198": "ethanjay20137",
    "2285870429": "sim_city8",
    "2287238321": "PumpJoey",
    "2287956664": "sambique",
    "2288306141": "CG_gaming128",
    "2288977009": "loggerheadlogan",
    "2289783279": "S2nzired",
    "2292129863": "atomicbing454",
    "2293490222": "Hellboy_111115",
    "2295631186": "bobwarbat",
    "2298389787": "BillyBob2544",
    "2303479431": "Timiiiw",
    "2310603549": "ItsDarincho",
    "2316409157": "Pamgyula",
    "2319685678": "US2II",
    "2325761050": "Anaapoio",
    "2328894056": "SharkyPlayz999",
    "2330599712": "Juleks115",
    "2334057070": "bxmwfxn",
    "2336014014": "SoggySandwich_RBLX",
    "2338235521": "Robloxian_51625162",
    "2338851363": "farandaz77",
    "2340125104": "JakubekPoland",
    "2340646430": "Pokedi451",
    "2343270352": "rondjejayden",
    "2344630141": "Eminince201",
    "2344920441": "zerfix_bolt",
    "2345432302": "Sajmon6612331",
    "2345766547": "48kGoat_YT",
    "2347182120": "vurlic",
    "2350564967": "Jamesisfunny33",
    "2351091483": "Andrus67pro",
    "2351754458": "HixBl0X",
    "2352644898": "Roveen80",
    "2353061462": "GTR5838",
    "2354563519": "Jackjack4635",
    "2356340079": "hib1u2s",
    "2364445471": "Yoice100",
    "2364552456": "c_xrls",
    "2365353941": "king12rooarmy",
    "2365777545": "blvshfxl",
    "2366834611": "RileyHiggs9",
    "2368351738": "Alfonsoborges",
    "2370199697": "Oskarinnio02",
    "2376831097": "llanbradachperson223",
    "2380272023": "2lives741",
    "2381643615": "Jan_willem5",
    "2382162073": "michaelbauzo24595",
    "2383194510": "Roblox5apple",
    "2383585057": "Ethan_YT265",
    "2386401535": "Thecatandthedogthe",
    "2386485535": "Blackpanther899176",
    "2389240841": "Ardaacc7",
    "2393550810": "giz985alt",
    "2393661418": "Rhyz_07",
    "2399346818": "matrixonoo",
    "2400141980": "Paulurus13",
    "2405497950": "Lukascitizen",
    "2407161071": "Harry2Olly",
    "2411306972": "PratchCoolGamer",
    "2411856412": "CoolGamer5671_YTube",
    "2412963153": "Swatteammemberboss",
    "2412976065": "Brian_kyborg",
    "2414934063": "2y7wyd",
    "2418191177": "Transport_RBLX",
    "2418245976": "Clive_idk",
    "2418768872": "Spike_minecraft2",
    "2421140987": "Vincentlol0987654321",
    "2431052413": "IlovepokeRj49",
    "2432938701": "HiyaLuv96",
    "2435596594": "icoizpoko",
    "2444928038": "ManmalsCorp",
    "2445829090": "johnnylexold",
    "2447342758": "Lisandru468",
    "2449144440": "sakkalkka",
    "2450220934": "jasonzockt56",
    "2452718575": "MisiowYT",
    "2456595884": "Revolutionapple_2",
    "2459959254": "UNlONPAClFlC",
    "2463488474": "mtdm_0FF",
    "2464906832": "tayloroscar299",
    "2466564080": "BenjaminCranston",
    "2466637991": "Joshkm1357",
    "2474359638": "froggken",
    "2476731070": "jordanrichh",
    "2478765658": "theoscytechguy",
    "2481162855": "sm1lies",
    "2482373345": "Hearts4Mid",
    "2491098821": "Enhanced00",
    "2493229292": "cbjsqwe",
    "2493431358": "Cyaltr21",
    "2496599063": "IscriptXD2",
    "2499095913": "IamLogan555",
    "2505537254": "hullwool",
    "2513439082": "stolencomet",
    "2513765018": "fazeGodguy333",
    "2520132117": "NuggetTheKitten2021",
    "2530467654": "rubykin8",
    "2532121809": "1conic_XD",
    "2536997337": "Dj_parker2013new",
    "2546107915": "Baxel_HD",
    "2546118081": "sc_00xx",
    "2551024900": "SuperElite12343",
    "2561861984": "Janniskinglool",
    "2562534997": "Gameingwithcj2011",
    "2562620383": "Bestespelerr2",
    "2564466333": "CR9Official",
    "2567246059": "Jojo2468siwa",
    "2567742132": "bggshb4",
    "2575939076": "Lorenzopiscaglia",
    "2583779689": "ColtonWilsonmacoroni",
    "2587297301": "Leone_2211c",
    "2587406710": "Rocketlucas901",
    "2588936899": "K_A1Z",
    "2589755903": "Mjfawks1",
    "2591548208": "Tony_GroupHolder",
    "2594593349": "bananenfreak2002",
    "2596204779": "Meinkoenig",
    "2601677182": "blaxe0007",
    "2610932133": "patothe1st",
    "2612901669": "politieagenttom3",
    "2613375355": "panini164",
    "2613884744": "SxgarClxvdz",
    "2617238982": "Quitzm",
    "2621844721": "Jaxpet1233",
    "2627287266": "fireninja41152",
    "2629383665": "sebastian2021sebix",
    "2630862979": "stwqbrri3s",
    "2636621324": "mrcat3485",
    "2637337817": "nemberHubert2",
    "2648573619": "Rosedinosaur1414",
    "2650972995": "Danwilldoit",
    "2653177878": "Gamingtraingates2",
    "2653328700": "emirhanmrb",
    "2670719057": "Nenaxdawnn",
    "2671605822": "Flydragonmat123",
    "2674218951": "monkeygany",
    "2680503859": "thelovlygamemaker",
    "2686017873": "Feed_Playz",
    "2686581960": "birb231a",
    "2686977222": "hellobro13442",
    "2687040753": "voidlewiss",
    "2690789706": "b12345r6789a011",
    "2695157953": "jacobm_04",
    "2698768605": "guest9O548isDELETED",
    "2700002880": "sirengp12",
    "2700051679": "lehris2011",
    "2708869505": "FnfFreakXD",
    "2716214769": "Kicky_RBLX",
    "2721489593": "ELKAMAS_225",
    "2730202426": "MrGour",
    "2734813974": "MRBTE23",
    "2744123215": "Gamehot121",
    "2746910855": "Thealivejames",
    "2757023901": "liefie2000",
    "2757745724": "LUKEMNBJI",
    "2757903491": "Denis_08307",
    "2759068618": "EmilyGuv123",
    "2759947347": "alexandros252423",
    "2759993207": "hh_eesti",
    "2770914541": "chickennuggetare_pro",
    "2773983019": "AsdaHolder",
    "2775502189": "BlendedHugo",
    "2776429665": "Ege134474",
    "2777416078": "RankingBot20343",
    "2780006047": "Anoniem673",
    "2780642019": "LUVMAIYA",
    "2783119315": "Flash_Holder",
    "2789635400": "FranCio_89",
    "2792114102": "ItzJustLeighland",
    "2801038391": "Basica_llyJames",
    "2808319080": "Kubixon1352",
    "2818756111": "agentjo20",
    "2835520047": "Huenchen_28092",
    "2838090758": "aarongaming_official",
    "2838950927": "DogeStongs",
    "2840448482": "itzzme_jonas",
    "2842124708": "saner333333333",
    "2845071961": "chef8245",
    "2849011455": "Megamonster8312",
    "2854994437": "DDH543",
    "2858315386": "Mario_Craft01",
    "2859904162": "alderthoma",
    "2865031010": "Crustedgecko345",
    "2889633149": "Polizeima121",
    "2890211519": "rnvcrr",
    "2892060204": "Jackb9608",
    "2895564875": "xdeeeeoo",
    "2900784296": "cikepaokei",
    "2903876469": "levi24092008",
    "2938529878": "thermalcorefanidklol",
    "2944339015": "lepro1deroblox",
    "2944500357": "SemplonsYT",
    "2944620630": "DIRIEN98",
    "2949219207": "CloudAviation",
    "2975861498": "Vova123456789co",
    "2976160619": "Slimy_74",
    "2978621952": "LazyPigeon7",
    "2980405165": "gameroliveofficial",
    "2982143367": "kampung2021",
    "2983162965": "shakenvac4",
    "2989782887": "DomEWay512",
    "2992863834": "Lester_LOL1",
    "2997255204": "Kapi_TK",
    "3000056362": "johnys1411",
    "3001838680": "IHATENOVAHOTELSXLOLk",
    "3002852325": "V3L4NTIN0",
    "3003943346": "CECFan1992",
    "3006886585": "BeneluxForLive",
    "3016976467": "Official503Cking",
    "3022123594": "ohwe_n",
    "3023006301": "Gummiende",
    "3032142737": "KniteSpace",
    "3033179042": "HttpsBank",
    "3034346979": "KONE_FANN",
    "3037424386": "Davidkas13211",
    "3039197473": "NotSirensNrandomStuf",
    "3039202917": "FireGamersDE",
    "3039235732": "Unociaobello",
    "3041253164": "chaliali_oficial",
    "3041804681": "pro_whale2021",
    "3046328783": "Funmangames1344",
    "3050744747": "Leon_magroblo",
    "3051903239": "Jetstar19043",
    "3052768033": "officieel_joa",
    "3058407895": "Cardblord",
    "3058419297": "Masop_ONYOUTUBE",
    "3060613548": "Scott_Lochnivar",
    "3064945797": "MadreBeagle",
    "3069843100": "JAGUARYTB7878",
    "3072302623": "Pepsi_Cubess",
    "3074692815": "CarterisYoutuber627",
    "3078085205": "AgentFoxWolf",
    "3086380438": "Holder_Gr0up",
    "3086396348": "Wicksgaming11",
    "3088475820": "C10wny1",
    "3091077936": "JakedarlingYT15",
    "3092387333": "hujprzezj",
    "3093670983": "Tryjinn2",
    "3095756740": "cwilde12345",
    "3097724700": "hdjxhsbns",
    "3099471949": "S1mple66645",
    "3106797313": "AnimeAnergy",
    "3109418633": "TropicxlHilary",
    "3113000264": "VexelGamingOfficial",
    "3116960118": "Harryh52_2ndAccount",
    "3119117246": "NerfLaw147",
    "3121792236": "KoningRobert",
    "3136507420": "sunyiran2021",
    "3143286966": "TANGtang170227",
    "3145877682": "blinshik_777",
    "3148305274": "NoeKubilay",
    "3148348869": "Nicoduino201",
    "3148424238": "tibebooiedit",
    "3148484949": "Lift9010",
    "3148847792": "louis_louie2",
    "3158489544": "D24_PlayzWithFleet",
    "3161863363": "ElevatorEnthusiast22",
    "3163594889": "0_trybest5",
    "3165968863": "Alexproofvidioacc123",
    "3169617276": "OfficerMarlow",
    "3175031615": "makselprimo",
    "3177122133": "Galaxy0nRBX",
    "3177378056": "ben_robloxs5456",
    "3189383634": "RealProHair1",
    "3192792843": "2009mkraw",
    "3194372451": "Dev_icenight",
    "3195342965": "gruisgru68",
    "3195712478": "bacon_foodgodddddGFX",
    "3201080706": "Collin2233445",
    "3206609814": "Sebecode",
    "3207293330": "ManFaceBaconLeader",
    "3211655579": "ktos348i29",
    "3217012129": "czekoladkaaa15",
    "3217194083": "Hi_131Olka",
    "3220586622": "BorrisHorisJohnson",
    "3235318924": "Elias192012m",
    "3239428707": "BedWarsGod517",
    "3244213171": "soft_koala3",
    "3244418977": "Ryantjuuh14",
    "3246725948": "PuggosAreCool",
    "3250042335": "ttvbobby6780",
    "3250712762": "PeeFluBo",
    "3259323583": "Zloto_GamingYT",
    "3274389195": "Dextereprime",
    "3280233174": "PGOfficial01",
    "3284442274": "JonathanOnTheWay",
    "3287287556": "GoStars7002",
    "3288455067": "Richardkaskey6678",
    "3291082721": "Luarection",
    "3297375146": "lqcas70",
    "3303397885": "fraaakz",
    "3304969395": "Yoarethebestoftoday",
    "3324151568": "LuckyGoldBar07",
    "3328875478": "Zackary_official",
    "3341740524": "Oscartheg2010",
    "3342102470": "SkillLearner",
    "3342543422": "xAGUSTlN12x",
    "3345038459": "Bluedragon14689",
    "3352802225": "kiki68150_2",
    "3353526136": "Avqlcc",
    "3356045968": "Raylee538",
    "3357774791": "Itsjeboysem_1234",
    "3365771183": "AxmmyMinty",
    "3373847503": "JorisGOGOO",
    "3387323504": "it_roblox57",
    "3392396981": "s1mplediane",
    "3394338896": "OfficialMrCheeseRBLX",
    "3396409663": "Reventium",
    "3398412488": "xUllxer1",
    "3401549739": "N1X0RS",
    "3401594687": "Toferx_yt",
    "3407001595": "people00090",
    "3408440333": "Res955",
    "3412203617": "butaiarogancja",
    "3424513135": "Zenchimazen",
    "3429538564": "tipping_1234",
    "3436767822": "Kai_TheCoolGuy122",
    "3437755675": "RisenCorgi",
    "3438020567": "Ademkhalol",
    "3439111980": "roundcrew",
    "3441333227": "21davej",
    "3441866281": "amananason",
    "3447353940": "illumin1x",
    "3451316931": "Coder1g",
    "3452884164": "DarealmrbloxyAlt",
    "3456028202": "st1lsay",
    "3459012974": "EBTHolder",
    "3459985390": "LidlHolder",
    "3464646766": "PilotOfTheSea773",
    "3466587748": "Gavisthebest11",
    "3466694154": "Wizod1234",
    "3469207977": "viben33",
    "3479153864": "RaspberryStruggle",
    "3481332463": "mr_bus203",
    "3483831005": "GratixG",
    "3484783628": "CookieDough10929",
    "3489000114": "resuify",
    "3496613411": "Nyyxtra",
    "3501060887": "OMGahac",
    "3524967712": "Lepa_u",
    "3529183875": "GamesBuildstudioV4",
    "3533074092": "h21mmason2010",
    "3539841898": "HeyItsDestinyRBLX",
    "3539940205": "yari_Pro0",
    "3541326549": "AllenYTNoah91",
    "3543550204": "Bubblegum_Jumper",
    "3545428891": "Kiwicast",
    "3545833449": "iamadrys543098mom",
    "3552144607": "CrustyFooooot",
    "3555960014": "Trynoonyt",
    "3556892566": "signupman7777",
    "3560626054": "Bobbx_yy",
    "3564725406": "duchAdu",
    "3565970745": "Scouser1993",
    "3569563947": "Sn1py_Official",
    "3571640744": "polandlover431",
    "3572155455": "Aspect_oi",
    "3578845660": "aidy122010",
    "3579596436": "Carloalt06",
    "3582360884": "Fortniteproisss",
    "3590893795": "hibyeopenthewifi",
    "3595336493": "gavrielkogan2000",
    "3604963140": "DEV_LEWIS101",
    "3610472625": "breadmaster7000",
    "3629620432": "Fasola992",
    "3633209945": "Galaaxey",
    "3646872546": "arthurrwhite",
    "3650731639": "sunkys_cz",
    "3653755530": "butterflypep",
    "3654009525": "Kotpies23111",
    "3655115412": "Dapuxpleguy",
    "3656609884": "ukrcisGOOD",
    "3656781992": "XxSaiMiz9xX",
    "3669256751": "Kublinaddddddddd",
    "3670523739": "Erland_dev",
    "3671582891": "Formula1we",
    "3676475316": "NotOMMiner",
    "3676544530": "ThodexxD",
    "3680776704": "MrAddermin89",
    "3683159837": "gomdiego2005",
    "3684524202": "YessTaylor",
    "3688922802": "JoshGroupsHolder",
    "3692058794": "MrAwesomeMan673",
    "3693578211": "NHL21_alt",
    "3696995465": "Chrisfury89",
    "3704197220": "bloxcoisthebest",
    "3718177800": "IIAmBxnned",
    "3725854199": "Borhweer",
    "3726034716": "DenverJelich",
    "3733330156": "1is2and3is3",
    "3733709363": "twogoodzz",
    "3735367102": "Charlotte_Haddltonxx",
    "3739014776": "Jayysxnnn",
    "3740057686": "LAFDofficerLUC",
    "3743014926": "TheGamerThomasPlayz",
    "3743679065": "shattered171",
    "3747848646": "Rodu_Wastaken",
    "3749177130": "EricasSinclair",
    "3753566304": "Rowie_Hi23",
    "3754553992": "AjubStudios",
    "3758306391": "RescoHolder",
    "3759730738": "Suspinapple_42",
    "3761689700": "Bloxco_management",
    "3768303137": "iwillgetmyaccbacko",
    "3770444725": "MrProtogen30",
    "3771793209": "Finlafyd",
    "3776020893": "1ourees",
    "3781080098": "Flash_768675",
    "3782229483": "LIftsLOVE",
    "3788526465": "Bobi0567895",
    "3789315954": "Darkgamingpro3",
    "3801742646": "Lexiex_xxx",
    "3807402494": "d3vk1ngsley",
    "3824547886": "AydenRBLX5",
    "3828072736": "ophjybhq12345",
    "3828469672": "Crazanityyy",
    "3831448961": "MH101091",
    "3836281983": "BaliMylovepup48v",
    "3837545249": "thekokusnussboy",
    "3840557265": "beans_la",
    "3843085655": "harleyohs",
    "3843625087": "Iam_dead13",
    "3845463051": "awesomeHenrygaming1",
    "3848592508": "Tecso_PLC",
    "3853854371": "joshandjacka_spooky",
    "3867912214": "REDRAGONded_Ded",
    "3868032094": "1d4bvb",
    "3868381031": "F4ulty_Emo",
    "3868594084": "AxtroHoldings",
    "3882117742": "TheTurquoiseBrick",
    "3883240283": "Toastco_Holder",
    "3900258699": "bloxitholder",
    "3904288788": "Aid79902",
    "3908107776": "xlzcas_mainx",
    "3919135697": "Malekbro112",
    "3926589729": "Mr_suobway",
    "3929378306": "RichardGardener",
    "3936341126": "Dylanhd119",
    "3940651893": "8weistoast",
    "3942726554": "MatthewHoldings",
    "3952966785": "sudiosdevnew1",
    "3955507262": "xAK4NE",
    "3956789908": "Andrxw_DeLuca",
    "3960759874": "TheGroceryStoreBot",
    "3985903287": "JTPlayzRBLX2022",
    "3993262262": "Stanford_Holdings",
    "3995518959": "thefreshmarketmanag",
    "4005359785": "VoidEthan77",
    "4010916015": "popcoor1000YT",
    "4017732236": "Itzz_wojx",
    "4025900098": "Zayoleng",
    "4029649572": "AzurIslandandResort",
    "4036846550": "MorribloxUKHolder",
    "4044792244": "Aeraxy_12345",
    "4047377015": "Donelduck_38",
    "4048420333": "ru1772",
    "4064796187": "Niko_9515",
    "4067365768": "SR71_RBLX",
    "4073454101": "AldoxHoldings",
    "4077445294": "Cai9587",
    "4085843626": "thomsonc12",
    "4089965617": "PurpleLobsterHolding",
    "4091450487": "NorthBridgeHolding5",
    "4091716789": "nextraholdingsacc",
    "4092054433": "luukiscool125",
    "4108321226": "Rodrigo2009RT2",
    "4119253797": "CoGoHoldings",
    "4120017953": "Mi_Bozz",
    "4120844503": "iiBubbles_Isaac",
    "4130517374": "HurtleyPolitie05",
    "4131240088": "kryptologist0",
    "4137773930": "NettoHolder",
    "4144349234": "A11ex_Rblx",
    "4155037491": "TheAmazingBoyzzz",
    "4156745268": "nathansshhool2",
    "4161914373": "Dropsikju",
    "4170143194": "doughnuthead_636",
    "4182901442": "Jarnexpk",
    "4190768067": "Roblox_King6312",
    "4193304314": "VoidHolderAccount77",
    "4195294766": "SainsburyOwner",
    "4201975060": "Hypertransport10",
    "4205472463": "zrkjack09099",
    "4205808461": "ddust1n",
    "4217734098": "djirov_V3",
    "4221743348": "Mememaxtt",
    "4222057499": "JackTheDev17",
    "4222390324": "luhvcxnnxr",
    "4258117967": "AH_HULFE",
    "4258131256": "UnityHoldings",
    "4261832061": "Tim_Karli12",
    "4262838562": "Kax_per08",
    "4266361874": "Creeper_boy123778",
    "4273269804": "Misiowy18",
    "4278079733": "JohanPeterLundgren",
    "4281833292": "DEV_LEWIS102",
    "4378900318": "Hellocookie156",
    "4391567816": "studio_game66",
    "4379604269": "djirov_V4",
    "4357694212": "ZlashTeam",
    "4406857462": "Loucollin_alt",
    "4452440972": "JoshHoldings",
    "4452376486": "FruitBloxHolder",
    "4351008866": "n_cart",
    "4506863066": "WindowsSteffan",
    "4477276441": "shickman1998",
    "4497682100": "Uhhfanthing",
    "4527423328": "Jack_jans1234567",
    "4488449887": "DevBenjamin0",
    "4336019644": "S24k_4",
    "4550207485": "BloxDirectHolder",
    "4474297371": "Karen_Official24",
    "4560361190": "binghambrothers_ALT",
    "4654710269": "Bloxmart_Limited",
    "4661523943": "liam041nx",
    "4639360498": "Avi_Bentetn",
    "4403985325": "NIDAS_ISCRAZY",
    "4563071495": "OfficialDiscovers",
    "4599341771": "Fairdev1",
    "4773403206": "TescoBloxia",
    "4546431035": "Jan_Novotny1",
    "4313479197": "Geroge_Res",
    "4560264017": "XientistsHoldings",
    "4616425709": "he4rtsformoonlight",
    "4343664922": "Rbellomello_2nd",
    "4719487704": "kiwi_cube10",
    "4869139927": "BMIHoldings",
    "4749594473": "WerZuerstGebanntWird",
    "4370833847": "mayo_microwave",
    "4944637351": "LongMan_z",
    "4530610087": "FiremanNoah122",
    "4887679283": "ENTERTAINMENT_HOLD",
    "4965218279": "DEVELOPER_Ojemine",
    "4906232545": "Viittoo30",
    "4304180465": "OceanSub_5446",
    "4703470209": "Gingerale533",
    "4872892798": "ConnorDavidsons",
    "4612926711": "MarlinBayHolder",
    "4923394538": "lucawumper",
    "4480681105": "EditzPlayze",
    "4850498414": "RoMartOwner",
    "4390998084": "CoderFPgofficial",
    "5095500078": "Greenwayowner",
    "5088186095": "dinonuggetsssssssswi",
    "5106051985": "FreshwayPLCHoldings",
    "5150572803": "Roufland",
    "4343324224": "DeezInYoFaceDude"
  },
  "Groups": {
    "3864004": "Roblox Aldi",
    "4034730": "Beyond Hotels",
    "4061159": "Trix's Cafe",
    "4188838": "Beró",
    "4433987": "Morris sons PLC",
    "4904197": "Just tech and games hangout",
    "5115945": "Unity Systems",
    "5156226": "Revaco",
    "5167043": "High Skyz Corporation",
    "5383129": "Nature Hotels & Resorts",
    "5465496": "sunset airline and hotels",
    "5550703": "Sunset Supermarkets",
    "5798031": "Trènta",
    "5817973": "RO-OP Blox",
    "5879110": "[BP] Burger Place",
    "5950711": "Adventure hi gaming",
    "6213717": "Education Authority PLC",
    "6235775": "Bloxco Supermarket",
    "6241748": "Piez Cafe",
    "6251399": "Sainsbury's Putney",
    "6418315": "Sunrise Hotels and Resort",
    "6445367": "Kenzietopia",
    "6467036": "Reve PLC",
    "6505012": "Rocco the gamer's Roblox group",
    "6516915": "JUMP Trampolining",
    "6521614": "AldiBlox, PLC",
    "6594334": "[V1] Supreme Drinks",
    "6673607": "RBLX Stores LTD",
    "6887964": "FairMart - Supermarket",
    "6985513": "Goofy Games Corporation",
    "7082031": "Ρinewood Αcadamy",
    "7095133": "TPRethan1",
    "7324717": "The Home Dеpot",
    "7668599": "theelcraft1489 gruppe",
    "7853717": "GiantBlox.",
    "8431340": "Dark Academia Store",
    "8479275": "Vacation Island Hotels",
    "8536583": "Let's Party!",
    "8865525": "Blox-da",
    "8959776": "laston inc",
    "8960938": "OctoStore",
    "9085977": "Fuel's Studios",
    "9230471": "Restaurant La Stella",
    "9270479": "United States Marine Cor [US-MC]",
    "9357667": "Fenwin PLC",
    "9643396": "Armodia Systems LTD",
    "9697831": "The Gold Store Corporation",
    "9779914": "United States Marines core USMC",
    "9810992": "Maui Cafè",
    "9818510": "Waterside Shopping Centre",
    "9841509": "ya boiiiis",
    "9853705": "Roadcity V1",
    "9882809": "IGY Shopping Centre.",
    "10067899": "A day with roblox r",
    "10133933": "Silly-Goose Productions",
    "10349467": "Bloxy Avenue",
    "10365473": "Bloxburys Supermarket",
    "10455647": "Lidlblox Uk",
    "10751682": "Cash&Fresh",
    "10778146": "Prorules15",
    "10877616": "PortBlox",
    "10924029": "The Rock and Water Resort",
    "10939074": "Newton-Elite Studios",
    "10952536": "Flex Hotels",
    "11006140": "Romania Roleplay #MnM",
    "11135290": "Zacherry",
    "11176769": "Geistezblox",
    "11196313": "TheFreshMarket (The Cool Humans)",
    "11358722": "Aldo Local",
    "11375180": "Fairway PLC",
    "11380852": "• eunoia! •",
    "11558574": "ASDA Robloxia",
    "11606268": "Ro-factor junior",
    "11788447": "Team Koda 2",
    "11795615": "Robloxian Wholesale Group",
    "11800140": "Wolf Supermarket PLC",
    "11800685": "Puddings Bakery",
    "11882527": "Comic Corporation!",
    "11907736": "10waghk's group",
    "11917653": "(Oficjalna Grupa) Fikcyjna Gdynia {RP}",
    "12009124": "Shell's Café, Restraunt.",
    "12099109": "The Popsicle Stand Convenience Store",
    "12224091": "London City Police Department [LCPD]",
    "12467391": "Cheltenham Transport",
    "12481007": "clicker game",
    "12531506": "Zacherry Shopping Centre",
    "12544191": "lolwhocare12's fan base",
    "12580080": "Fresh n' Fruity",
    "12622820": "SMP best!",
    "12669020": "Warrington shopping centre pt2",
    "12692172": "Food Stores Limited",
    "12734419": "Direct Retail Solutions",
    "13009812": "Stormy Department Group",
    "13240359": "Aldoblox-PLC",
    "13439903": "Liberty Development Group",
    "13724816": "Glass Pane Studios",
    "13762089": "Southwood College",
    "13874159": "LіdlBlox",
    "13984336": "GTStudio",
    "14144297": "declan inn",
    "14158918": "Safeway Store",
    "14180527": "Görans soffa",
    "14200419": "Teddy lift Co",
    "14209529": "Costal Coffee | Official Group",
    "14242980": "Morriblox UK",
    "14334637": "Bloxco Stores Limited",
    "14453821": "Primavera Limited",
    "14528882": "Freshblox PLC",
    "14531355": "UK Megaplex",
    "14555781": "Marks & Spencer PLC UK",
    "14578586": "Coast Side Hotel & Resorts",
    "14681081": "Aldiblox Stores LTD",
    "14749669": "Extended POS",
    "14810249": "One Blox TM",
    "14827344": "Greggs Group PLC",
    "14887271": "Besco's GB",
    "14898259": "Co-op Superstore",
    "14928845": "Loyal to la furry",
    "14943095": "AGSM (Models & Scripts)",
    "15020334": "NL | Albert Heijn Roleplay",
    "15061058": "Bloxburys PLC",
    "15125204": "SeaNoobs Hotel's",
    "15175464": "Ro-Sainsburys",
    "15194933": "TA | Thornhill Academy",
    "15211662": "JBLabs",
    "15227097": "Kekso - Roblox",
    "15235747": "ALDA Corporation PLC",
    "15257077": "Fit Game's",
    "15316074": "BloxianMarket.",
    "15330415": "Happyiez",
    "15395666": "Lidlco",
    "15428732": "Co-op Food Roblox",
    "15448531": "Fg.inc",
    "15471103": "Resco",
    "15500083": "Lee's pool",
    "15505466": "Tesco UK PLC",
    "15510726": "Ledili Stores Limited",
    "15513613": "IcelandBlox",
    "15579522": "Retail Distribution",
    "15588693": "Shopko community",
    "15609258": "BestCo Stores",
    "15610276": "Aldi UK | PLC",
    "15636076": "IceBlox TM",
    "15653517": "Woodbury Farm Shop",
    "15654453": "BloxShop PLC",
    "15671604": "Tesco Blox",
    "15696940": "Interspar Roblox",
    "15711896": "Kaufland - PLC",
    "15741368": "Donaustadt",
    "15750450": "SpeedStore",
    "15753494": "Kaspas Desserts",
    "15768695": "mccols roblox",
    "15788770": "ALDI Group PLC",
    "15791600": "SmithHop PLC",
    "15793526": "fernfish corp.",
    "15806529": "Somerfield PLC",
    "15838253": "Saffron Wholesale",
    "15838499": "TE || The Essentials",
    "15843793": "Farmfoods.",
    "15851752": "The Cross Street Plaza",
    "15862340": "Waitrose PLC",
    "15867025": "Bill's group :)",
    "15884251": "Zonic Stores Development",
    "15884846": "ALDIBLOX Official",
    "15917669": "AGS Fan Group",
    "15925466": "Cloudy Supermarket",
    "15931233": "Pembridge Academy Trust",
    "15940534": "Supermarket RP",
    "15941380": "Edeco",
    "15943887": "WallBlox",
    "15985573": "Stanford General PLC",
    "15998207": "Retail solutions centre roblox",
    "16005933": "Turner PLC",
    "16021706": "cc superstore PLC",
    "16022132": "Waitrose Poland",
    "16032635": "Dashay Supermarket",
    "16088665": "Walmart | Corporation",
    "16089995": "Tesco Group's",
    "16121272": "Nova Academy | Efficiency, Hardwork, Wellbeing",
    "16131617": "Galaxite Systems",
    "16189526": "Sainsbury's On the go",
    "16204196": "[JTPP] JT Productions",
    "16209001": "Shop n' Blox",
    "16215187": "Co-Operative Group UK.",
    "16223505": "Bestbuds Plc",
    "16251482": "Bloxware Supermarket",
    "16266810": "Morriblox UK | Roblox PLC",
    "16273501": "Smart's Academy of Development",
    "16292855": "The Regis School",
    "16294212": "Co-op United Kingdom PLC",
    "16310629": "Cheshire Academy | EFT",
    "16318777": "DreamBloxRBLX",
    "16337195": "Lowis Liwien",
    "16343793": "[NA] Nova Academy",
    "16356492": "Asdablox PLC",
    "16381053": "Diamond Studios LTD",
    "16394304": "ReweBlox Co.",
    "16396955": "Bloxotel Group",
    "16411091": "SaintBury's",
    "16415269": "Chesterfield Local",
    "16429661": "M&J Retail",
    "16433555": "Ladybug, PLC",
    "16459311": "BloxstoreShopping",
    "16460786": "Netto Supermarket",
    "16488501": "Pesco Stores Ltd.",
    "16496640": "Tesco Corporation | PLC",
    "16496643": "Actionblox TM",
    "16502761": "Bloxbyte PLC",
    "16550348": "Kalen Hotel & Resort",
    "16573907": "Tescocon",
    "16620893": "JokerBlox",
    "16656234": "Discovers Shopping",
    "16661932": "Freshmart Stores PLC",
    "16662990": "Walmart Express PLC",
    "16664438": "Sainsbury Store",
    "16708780": "Thrive Grocery Store",
    "16741716": "Spectacles Optical Group",
    "16788228": "Liberty Hotels and Spa",
    "16791983": "Best-One",
    "16809512": "RoTesco",
    "16860216": "Horizon Group PLC",
    "16931094": "Coop Mega",
    "16981702": "Foodia Supermarket",
    "17050722": "Burlington Mall",
    "17082374": "BloxWay Stores LTD",
    "17132393": "Liberty Hotel & Resorts",
    "17196334": "SparBlox LTD",
    "17250901": "Co-opblox TM",
    "17293075": "Ubiquitous Group Rental Services",
    "17331190": "Viva Ltd",
    "17398407": "Shortbread Supermarket",
    "17409671": "Southend Supermarket",
    "32008084": "Tescoblox Supermakert PLC",
    "32012666": "DinoBlox Shopping",
    "32057323": "EVA AIR - [Airline]",
    "32310649": "Roastin’ TM",
    "32312202": "GoStreet PLC",
    "32722132": "MarketPlace Shopping",
    "32767732": "Prime hydra!ion",
    "32770408": "BloxeyMarket",
    "32785531": "MetroMarket PLC",
    "32805604": "BloxMart Corporation !",
    "32882204": "Blox Shopping",
    "32925362": "Steak Wood Store",
    "33078006": "Aldablox Supermarket",
    "33138933": "RSS Roblox",
    "33160399": "FoodKing"
  }
}