{
  "Players": {
    "108433": "oj_xyz",
    "172661": "Joris",
    "190870": "Crocboy",
    "245783": "gerben009",
    "2857666": "8oe",
    "5950711": "Adventure hi gaming",
    "6719616": "w7ntex",
    "7230067": "the coper group",
    "9085977": "FruitBlox Shopping",
    "9270479": "United States Marine Cor [US-MC]",
    "10929018": "CommissionerFire2211",
    "11907736": "AtherFeild Shopping Centre",
    "12273040": "C0YNZ",
    "12467391": "Cheltenham Transport",
    "12577343": "Not_AlfieL",
    "14050408": "Carrefour PLC",
    "14126149": "James_Ashworth",
    "14144297": "B&R Bargains PLC",
    "14630749": "kevlegouffe",
    "14708140": "sylvie33",
    "14790582": "werdvon124",
    "14876413": "ninus02",
    "15137122": "Blox-Shop",
    "15227097": "Kekso - Roblox",
    "15326005": "piefan11",
    "15531829": "Ro-Op Stores Limited",
    "15721316": "Wait-Ro's",
    "15851752": "The Cross Street Plaza",
    "16411091": "SaintBury's",
    "16592628": "Grab Grocers Community",
    "16620893": "JokerBlox",
    "18561408": "tornadomaster6",
    "20417630": "Ceraunics",
    "20900007": "green3639",
    "21390195": "Tabellarios",
    "24796838": "devious_law",
    "33571202": "William_Division",
    "36633595": "dogs80",
    "38292668": "isupposeiamcam",
    "38630241": "kevinu7",
    "40903013": "ApolloCypher",
    "41088636": "steavebob101",
    "41610451": "JoshVoltz",
    "44889148": "FormallyBread",
    "45150099": "HelIHoundy",
    "46917628": "battleaction",
    "48151963": "michaelvanz",
    "49724598": "Promblo",
    "51279601": "daniellovesdogs22",
    "52601569": "Lavadude1212",
    "52744276": "orrin99",
    "54363473": "hiimjoel",
    "54552242": "HisMajesty_KingConor",
    "55123096": "BlikkieStoffer",
    "56288364": "iiTomsx",
    "61383656": "Maine_Lawz",
    "62651198": "KIMACD",
    "62766151": "dyn_h",
    "63092288": "ecosse_raverus",
    "64570124": "nboy74",
    "65272426": "ArtimeArts",
    "66226898": "versyxl",
    "66610883": "builderman9882",
    "67328927": "8n0",
    "69122630": "Webi36",
    "69251799": "james200cool",
    "69537371": "stampyhappylog123",
    "70632701": "frainie12",
    "73702064": "TGCServer",
    "74287506": "LakeshoreRBX",
    "74302199": "Design_Simply",
    "74652400": "MODDING101",
    "75535693": "cashman200730",
    "77105678": "Astra_Moonight",
    "77695211": "MessageGaming",
    "77838404": "bochove",
    "78786024": "HaydenP2008",
    "81992137": "JustArjxn",
    "84003462": "tynan7891011",
    "84690789": "discentted",
    "84855921": "irlhilton",
    "85589660": "zi_vr",
    "85884121": "Jacobandbuster01",
    "87257148": "Hype_Ducky",
    "87845901": "Stickngg",
    "88229213": "taz_co",
    "89363855": "SystemError15",
    "91779096": "officialxshrek",
    "92193221": "SavageDarry",
    "92766941": "gamerplayroblox5667",
    "96356063": "romqxn",
    "96766882": "WEL0308",
    "97284124": "Daniel28113",
    "97410160": "bloxo27",
    "98531256": "farrimj",
    "99305466": "RobDevz",
    "102233137": "feme12",
    "102367030": "olaf121212",
    "103116769": "supercrazy0312",
    "103300359": "Ictcallum",
    "103568949": "Killernl2003",
    "103847776": "V3LV11TE",
    "104823937": "monkeywater11",
    "105205141": "superevilluke",
    "106197705": "Connorflaws",
    "106315813": "twc2008",
    "106416239": "louandarch",
    "108077124": "auvhulz",
    "109297346": "Akyrium",
    "109524426": "Syncrophi",
    "111128872": "yGiraffe",
    "113217491": "1coolblockheadALT",
    "114161050": "iEwanx",
    "114905011": "noel4556",
    "115858140": "super_mawee",
    "116881141": "officerJT88",
    "120310190": "o_wenz",
    "121867458": "reecewhiteCkrckr2012",
    "123010225": "xbloks",
    "125329464": "CulturedTerraria",
    "125674809": "sorizy",
    "125916558": "Aselmeier",
    "126154286": "FaultyNik",
    "126613742": "046_SyncMaster",
    "127096581": "flvffywvffy",
    "128291599": "jphilp",
    "128653444": "JeremyHowdens",
    "130214198": "NathanPlays2016",
    "130459376": "carltheraveyt",
    "131698515": "shootboy444",
    "132078318": "Dev_Tricky",
    "132960318": "gamerboyfriday",
    "133490813": "rosshosie7",
    "135316130": "ConstructedDamage",
    "136088262": "DeniedVisage",
    "136187632": "MrLilac4",
    "139436830": "DevKrueger",
    "140049022": "bennykirkman",
    "141584556": "YouFoundTheDeveloper",
    "143693406": "RusticJthestar",
    "144773619": "darkmarsuk",
    "145495810": "aerojetplane",
    "145792748": "Dmitry_01",
    "145921637": "ObedientElevator10",
    "146602064": "Mishra09099",
    "147629746": "siimplygentle",
    "148122065": "zacky0810",
    "148191977": "anvoids",
    "149274340": "kilian3845",
    "151708083": "beckyrose_12",
    "152502907": "adroid101",
    "153056531": "GrumpyHamworld",
    "153340937": "discobol55",
    "153976997": "WEdgar1999",
    "153985832": "Zenrisl",
    "154400355": "z3r0dronezz",
    "159531283": "FrenxLaws",
    "160693439": "Its_DarkBlox",
    "161999297": "EllieLBella",
    "162245577": "plukkie100",
    "164252815": "CoookieCandle",
    "164753852": "Hi_gx",
    "166844835": "dxrksxulxl",
    "167633568": "Johannes_11",
    "169251340": "NIKOFILIPINKO",
    "171029492": "icecreamjoe21",
    "171131567": "epell1",
    "172589339": "iiHxrvx",
    "172724377": "Gulol_77",
    "172988646": "nana9393",
    "173558192": "WilliamBridgeham",
    "173869567": "BraxRealityReborn",
    "173903622": "ryanonthewebs",
    "174880525": "Modder0Source",
    "174925154": "KoallaYT",
    "175532708": "TyplcalDel",
    "175829267": "4eignarman",
    "176461699": "aircanister",
    "177024527": "wade78901",
    "177544652": "ScarceMrRoblox",
    "178476729": "theseawalker22",
    "179118200": "angelotulp",
    "181077013": "ImmenseTommie24",
    "181896029": "kroki08",
    "183691656": "lupo2008",
    "184238408": "MaxdudeHowdens",
    "184328068": "ChiefBillBurns",
    "185451058": "mikemarchal1234",
    "185524841": "AdxmQvy",
    "188757824": "thankableboomcake",
    "190588835": "VOLTRONDEFENDER4440",
    "191034426": "ReaITayIorSwiftt",
    "191143394": "aford2003",
    "192878115": "JakeandRichard",
    "198259412": "DecorousRangerover",
    "198503086": "spike_minecraft",
    "198682780": "zaacattack08",
    "199754660": "busandcar",
    "200293242": "Speedy_Thing",
    "200833733": "ashkai3690",
    "201254926": "lovely_charlotte",
    "201966816": "Jlmac2005",
    "203057232": "AmazingSuperDylan",
    "204154473": "chicken1136",
    "205978136": "ThatEpicDevX",
    "207837245": "thodoriskara79",
    "208810265": "Avioxeiy",
    "211782388": "KindKonnu",
    "214274654": "hallo1142",
    "214631116": "ricaluu",
    "216109863": "hibyecry12",
    "217898259": "speedjones1",
    "218790800": "ThomasEvanz",
    "220289927": "hangname",
    "225139295": "pezzer2438",
    "227052239": "Seasontr",
    "228570216": "nws131",
    "228684902": "LeTerrienDu27",
    "233133939": "1Epsilon",
    "236235383": "muffel1977",
    "237192982": "JackAttackJPG",
    "240481720": "ASimplylack",
    "240733241": "lymonics",
    "242606348": "noonebeatsaarav",
    "242755614": "ItsNxthan_123",
    "244686664": "babycorndog10",
    "247480799": "killerclownLV",
    "250795672": "Thelegomaster2349",
    "254031798": "cfield15",
    "254090301": "ll1uke",
    "264850523": "adam_haris123",
    "266506448": "jonrocco1",
    "268522120": "thecreppyCreeperyt",
    "269101342": "haztyl",
    "271813310": "skri26",
    "275849901": "VictorVernetti",
    "278138310": "JyeRidley2011",
    "278657657": "SonOfFragmonkey7",
    "280319215": "ttjoneso7_alt2",
    "282663556": "akramer2k",
    "284319919": "12116800",
    "284324919": "Logiebogieboo",
    "285340566": "astroxpreston",
    "287276070": "OndrejDomi33",
    "288247813": "MORNINGM888",
    "290016392": "VibbinqJxcc",
    "291233743": "Roblox_Solera",
    "296324083": "xnfalex",
    "296796685": "police4571689",
    "297836394": "SalvadorPerez100",
    "298643886": "kdyn120308",
    "300822798": "robloxlee771",
    "303052481": "greggh7",
    "303402953": "callumjames2",
    "305481567": "robloxrules756",
    "306989712": "safetyynett",
    "309507662": "ArcticStarPlayz",
    "311230023": "enqrise",
    "311421825": "OliverRBLX1",
    "311732149": "alberto10xd_rbx",
    "313762667": "TaylorGaming2019",
    "317749997": "dareyleon",
    "317810357": "Figet9000",
    "320374280": "achqes",
    "320720609": "KxleRoses",
    "332978773": "Maanuu26",
    "333059276": "TheAtomicDan",
    "334288613": "uhMikes",
    "335027300": "PureGamerGames",
    "336035044": "bostjanm",
    "336649128": "Lachlan_W8",
    "338214504": "EenSlimeJonge",
    "340703942": "Iuvsah",
    "342851724": "laughing2457",
    "342938817": "ryleyw12345",
    "343457255": "davidiscoooooolll",
    "343855312": "foultear",
    "344765031": "daimyh",
    "345593965": "xx_alexaviation",
    "351564058": "karterman2012",
    "353790260": "toinetp",
    "357014345": "missbellchaucer123",
    "361641302": "ojhallinan1",
    "362649027": "texis_67",
    "367804021": "BoxFortMaster711",
    "369852193": "jersey1972",
    "374518354": "BrickGaming_TV",
    "375427917": "FundedDev",
    "376450056": "jk4565",
    "377232740": "EthanLoves_GWR",
    "380512245": "1_unlawful",
    "380796873": "maxserg1704",
    "388612812": "NazNorrisRBLX",
    "390729516": "hauser2222",
    "391424575": "sillydosh",
    "392895158": "Deventted",
    "394344073": "LukeBennett7353",
    "394657667": "OfficerMatthewNeedam",
    "396196531": "ItzNordic",
    "396537829": "monster_bla",
    "401077268": "Columbux",
    "401723120": "CrazyPlayerM100",
    "403125631": "Miki1606",
    "403287781": "ItxHarvy",
    "404504221": "NonToxicAnley",
    "408323390": "fadedtears1",
    "409041659": "auxbh",
    "409325135": "bokje_09",
    "411935551": "kermitthefrog37",
    "412173818": "Kingofrobloxx119",
    "412398543": "AmaxOnBlitz",
    "416094002": "AlexBartles2012",
    "416120303": "Pizza_Bate",
    "416392694": "Nv4xuss",
    "416918260": "creatorYo120",
    "418523375": "Metropolitan_law",
    "419381845": "Evolcid",
    "423462114": "jxckk2",
    "423810869": "vafasa52",
    "423981983": "poopoonica",
    "425160994": "TheGameMan09081",
    "426222243": "lenalena2012",
    "429354309": "Smudla111",
    "429780180": "Cooper2M",
    "430817474": "JUGMBH",
    "432551065": "budharry10",
    "439812045": "stup18",
    "440644671": "iandonutguy",
    "441049011": "K0N_F1G",
    "444568352": "ElectronicalParadigm",
    "447251288": "bbjb2011",
    "448037497": "lolololololole424",
    "448299711": "SmhLthsZac",
    "452050440": "RobloxSuperFreinds",
    "453762051": "DOPS2525",
    "453777092": "XXChxnceXX1924",
    "457587916": "marcinwek",
    "459461168": "imlovenicepeople",
    "461925490": "angeljin91",
    "464730696": "woollistj21",
    "465295587": "enssi2",
    "468669804": "shieldz123",
    "470549044": "home3460",
    "471302710": "Water_Osity",
    "471950741": "Mulllu_x",
    "475251036": "maxthebeast0590",
    "475568198": "earlydawn233722",
    "478346212": "Jakecarterpor",
    "478540874": "EthanDaBeast1236",
    "480347563": "Matt_idkyou",
    "480430025": "SkyShrub",
    "483012634": "Hasdaz99",
    "483034697": "nielspro2005",
    "485211506": "ginger123540",
    "485716165": "whattupxd",
    "488098597": "simply0mark",
    "489025975": "LoadSoap",
    "489418534": "jqmeswxnder",
    "489784769": "Brunalsky",
    "490129713": "monkeymo8",
    "495436938": "chickenpolp",
    "495963343": "Axilum_Light",
    "496604529": "AviationGiant",
    "498992285": "Myron_power",
    "499153207": "vitoyotube2010",
    "502573047": "arjan213",
    "502610315": "najlepszego",
    "504303377": "Grderol",
    "504319301": "Mariomon123_yt",
    "506529173": "MrDingus11",
    "510137047": "hyro_guy",
    "510712180": "tomsdevour",
    "510874267": "devbenjamins",
    "511467319": "swordfisharvid",
    "512032342": "Fishyfan666",
    "516674607": "rubyrubefan17",
    "517689363": "ilovecallum1210",
    "519670228": "Jakee_Bailey",
    "520081790": "bognog123",
    "523188173": "LeonLPTV",
    "524071407": "ReTauk",
    "529401412": "AvailableOllie555",
    "531201117": "askmyto2",
    "533585766": "kiddanger2036",
    "535145143": "Mr_Podge6",
    "535282709": "XdawidX8",
    "541131431": "ajep12",
    "542263665": "rickpijnen2018",
    "543320442": "yourfavswift",
    "544028876": "aleksovskipetar",
    "546379685": "robloxnooah",
    "547006750": "Blonde_Tommy",
    "548054916": "Julpavv",
    "550960337": "x444e",
    "553520862": "r0xcc0",
    "554650629": "Araflooderso5555",
    "554901610": "rob4fu",
    "555481900": "Cone_AH",
    "555903647": "devinpro380",
    "557184417": "Javgurean1000",
    "560163195": "Oggie2013",
    "560239211": "Wverm2",
    "562550840": "polcedg",
    "563061359": "monkeyade08",
    "563929914": "007matty21",
    "570451110": "police59150",
    "572168388": "hark81",
    "572549636": "xx_darkgame12",
    "574911413": "funwithspud",
    "581245305": "africannaventi",
    "583455050": "EvoXnti",
    "584030623": "huckbyon",
    "585045175": "lukasdad825",
    "589456584": "Ares122009",
    "591267837": "Matilight2011",
    "591525663": "XxAztrecGamerxX",
    "591962367": "stransky99",
    "594360019": "SouIDesiree",
    "598125153": "sasinek12",
    "598152172": "PremaK2010",
    "601330912": "adri999an",
    "601461785": "nathanandolivia1",
    "604476950": "MrCookie_TheBoss",
    "605958949": "melkebartduharfarti",
    "616494797": "matt31040",
    "618048889": "shipbourne",
    "620669323": "getyourna2009",
    "621306520": "Sean_Developer",
    "630186873": "popeyxe",
    "630478555": "aydecyman",
    "640179304": "iiHRBX",
    "641197106": "J20_iCrazyTeddy",
    "641307501": "Sandi_AlfieH8",
    "645075675": "jeremi_lab",
    "646071116": "Tom356824",
    "652051760": "elevator713",
    "654007448": "ruel1772",
    "654526663": "Mrolive1",
    "654919980": "FireFighter56565",
    "655355682": "fiCI44",
    "662173898": "Josh01_RBX",
    "662522220": "beestd50",
    "667944879": "alvinbank1",
    "675581790": "UN_RBLX",
    "676818355": "Bubbles_Xenial",
    "680371994": "maksim_ribina",
    "685604624": "bellabest92",
    "686122171": "floofyfloofify",
    "686574821": "Tactician_Boy",
    "691422254": "tobythedj777",
    "693269408": "HyPeVrTx",
    "694615084": "isaacfeather",
    "695779194": "Josh_0MG",
    "695934583": "Ilyycam",
    "695950676": "Mark_Gergely",
    "698744024": "boler1000",
    "700489454": "Callan_Dev",
    "705844916": "aculrebok",
    "708540991": "L0V3M1K3",
    "713108470": "JoJoJoseph05",
    "716429855": "longman0109",
    "716761693": "comfycass",
    "723307478": "iiBubblexs_Catilin",
    "723693920": "sternchengo",
    "723881938": "istriapa2a",
    "727651954": "MinecrafterDam4",
    "727875251": "tommypudding11",
    "728027236": "nicio28",
    "728710649": "ethilips",
    "731451029": "DamianPod6",
    "731876984": "ireallylovetrains11",
    "732774516": "ERICLOTTE123",
    "743169008": "peterik2011",
    "747048565": "babyduckyt98765432",
    "750216534": "Kacpernemo123",
    "750464314": "CreepyCaybz",
    "752443769": "CzarekPCzarek",
    "756067121": "Rickzeewolde",
    "756503279": "christoffer5467",
    "774573791": "1ukeqs",
    "775272054": "zachary64657",
    "777101137": "frjhue",
    "783480349": "gkukl123",
    "790449977": "RyanDevsRB",
    "795320779": "T1CTIC4LCOMB4T",
    "800705120": "SIME116YT",
    "812900440": "Mr_Magoogoo1",
    "812905612": "RyanGonTV",
    "815107657": "24J14",
    "818165412": "zanexbox3600",
    "824008783": "Palexzand",
    "825870296": "itsc0deee",
    "828247884": "noud_wessels",
    "828480419": "lambypamy12",
    "829241347": "ccsausage123",
    "832695759": "CuteAngle200808",
    "834861580": "BetaTide",
    "834929855": "Warszawysk",
    "836791554": "braedenfurlong123",
    "841414751": "Koning_Dirk",
    "841621653": "78dsa",
    "845800209": "Sinman0119",
    "846430431": "ItsDestructoProz",
    "849069349": "bravestirling",
    "850882190": "Seriouslee13",
    "852930054": "cooldude64823157",
    "861073034": "ch5s3",
    "861549614": "UniverseLawyer",
    "861750554": "oneisonetoomany",
    "865821656": "raining_fun11",
    "869742973": "DecentAgent",
    "871379341": "Alcyion",
    "871570412": "Kesimba7",
    "874535678": "GoldTroopers",
    "877664367": "katinas2222",
    "885719967": "F1rxzz",
    "889218002": "Callumx49x4",
    "891878239": "Sun_S4t",
    "892566586": "cooldoodrodux",
    "893411720": "2898t",
    "893432182": "Oopits_Rash",
    "893470159": "Dawidusiek9",
    "896163041": "police99916",
    "897068916": "Imnotchachelox",
    "898867301": "EDC201128",
    "898897680": "lockmane912",
    "899724216": "therobloxmaster12ab",
    "900720350": "tjeerdsma2",
    "902329658": "ilovecats7715",
    "903900245": "GamerGuyYTube",
    "905129436": "tigertalbo",
    "905288897": "hallebaiIey",
    "906434796": "cadeeni",
    "906768212": "boneqew",
    "907168936": "owenisabus64",
    "908012709": "AppleJackk13",
    "909984243": "Alfie07turner",
    "913554641": "teambcs313",
    "918394368": "Zakiricsi09",
    "918537390": "peteswrld",
    "919156281": "iamkiriII0202",
    "919552331": "TransportForRBLX",
    "920185985": "haw8411",
    "921535402": "EdwardFColman",
    "922399325": "TomYTofficiel",
    "924747952": "andreandref4",
    "925616315": "Neplioz",
    "927122682": "jan_LOL100",
    "928207358": "thepolicechef",
    "930128437": "remo1084",
    "935830889": "TINANOU60",
    "935834211": "FortniteFreaksYTube",
    "936285498": "tierdostrich1",
    "937257212": "Gavin307715",
    "937388841": "pontevedra6",
    "943412217": "DanielCrasy090",
    "947526905": "nooklels",
    "950807347": "JustLemonPlays",
    "951639252": "BV58MLF",
    "953149605": "Remus4u",
    "953349011": "iamgman8",
    "953573531": "hellothebello",
    "955352310": "user320080",
    "955899734": "PrincessBlossomSky",
    "961787352": "MazonZY",
    "963133877": "MTT1322",
    "964019767": "funnehfan1101111",
    "964759291": "quinnybooy2348",
    "967034165": "Scripted_Connor",
    "967915490": "pqq46",
    "971479786": "XIgorekyt5684X",
    "971651896": "docks974",
    "975264947": "waldiko",
    "975295544": "CathalSlayer6",
    "975327795": "lllol234",
    "977519923": "Familyggaming",
    "979109347": "MateiGabriel1234567",
    "980044047": "BlueyBoy3",
    "980834625": "levilabany",
    "982651722": "xChickita",
    "982816256": "xx1234xx10",
    "983678111": "NS_office",
    "987563576": "hkloppo1undGizem251",
    "994689328": "MaksDivine3454",
    "996090228": "C00lWaffle",
    "996589445": "frolinis",
    "1000000469": "COLLDIE2",
    "1000120444": "Tajus_DRE",
    "1001148161": "200kai100",
    "1002821545": "ArmedF16",
    "1006161003": "markusqw11",
    "1007115213": "viziosoundbar",
    "1007719338": "California_Division",
    "1010589788": "Zain221x",
    "1010672878": "filip1345111123",
    "1011613623": "raptorXSr",
    "1011749511": "hilazon2010",
    "1013143046": "rayyanheyplayz",
    "1017142548": "Redhair51",
    "1019596843": "phoelix1234",
    "1021836927": "Dubs66u",
    "1024981875": "15kAustinw",
    "1026171790": "TOM_NOOK1111",
    "1027733718": "AviatorFood",
    "1029670744": "Koalacute32",
    "1031610483": "lukaskit001",
    "1031869355": "ImBlake47456",
    "1034184503": "calthecoolguy123",
    "1036545005": "JAYULHDU",
    "1037576342": "leomalo1",
    "1039110364": "ZaneTahaB",
    "1040358750": "FloodgamerXXX",
    "1043777849": "finlayallman1144",
    "1043979132": "P1p43",
    "1045197736": "uh_zain",
    "1045427106": "janfastiii",
    "1051190736": "whitebus2000",
    "1053742804": "MisterToll1",
    "1057549569": "BestOf1008",
    "1058684750": "RealMrSmarts",
    "1064744539": "Tim21072008",
    "1066406268": "SnakeboybenRich",
    "1069011139": "knighty106",
    "1076067522": "iTagYourIt",
    "1076440425": "1gt19",
    "1076578672": "xxoxxo341",
    "1084802679": "noazoenoa",
    "1087740359": "xlcuciq",
    "1087987389": "unspeakable55y",
    "1092566735": "Ardablock2007",
    "1096392651": "benjamins5320",
    "1098709853": "DoggeBoyz",
    "1099150121": "purplebaconytt",
    "1102652851": "lol142237",
    "1110805829": "adamko2019a",
    "1113087119": "Glina13333",
    "1114705766": "eae898",
    "1115696900": "SwIxiYT",
    "1116809886": "Kotek_kar1",
    "1116871933": "GarnMelwinM",
    "1117644943": "bluestarchase",
    "1120385207": "Michaeluuss",
    "1122021603": "Me100mm",
    "1122140554": "urihahsmith",
    "1123839972": "drpeperforlife1",
    "1130044868": "foultearjr",
    "1130067177": "Kiki344r",
    "1130323875": "monkeyjperdue",
    "1132629721": "lolfeesten12",
    "1133088982": "ZimoGu",
    "1138910645": "Kapi_tube4",
    "1142135518": "W1llpethunter",
    "1143662504": "costarica200",
    "1145005162": "kidGiant08",
    "1146685277": "VerifiedStructure",
    "1152603056": "yourjjp",
    "1152635671": "ryensia",
    "1153827511": "belguimrobloxgamer",
    "1157142495": "adjdyfytd_RBLX",
    "1159994482": "hfhghgil",
    "1160166283": "mischievous_orbeez",
    "1161618013": "Reset39252245",
    "1162024383": "uhZeyrox",
    "1163687193": "Adamko2409",
    "1163845090": "RrOM2000",
    "1169362290": "iiMxtt_Destinyii",
    "1178246401": "cas3eee",
    "1178889221": "stanleyha12",
    "1184862143": "Timmi2808",
    "1185144176": "Ryno0800",
    "1186746056": "isaa6667",
    "1187349122": "NintedoSwichGamer",
    "1187410282": "gameoverbro66",
    "1191529704": "keyonair502",
    "1191591009": "eliteagent2156",
    "1191626125": "TaintedSour",
    "1193166002": "StudioArf",
    "1195737268": "FSTAR06",
    "1200828319": "TheBloxburgAlex",
    "1204112369": "spashtimmy",
    "1205886524": "alexred1681",
    "1207132928": "fildamilda13",
    "1207155567": "Ryzan27",
    "1207720813": "dunky42",
    "1211838257": "Liran131113",
    "1213205670": "Micro_Develops",
    "1217451788": "Aydenpolice001",
    "1219211273": "Firealarmprobe",
    "1219958484": "oncowcow3333",
    "1226551973": "LiamoRudecool",
    "1226714148": "zenteboss",
    "1226868313": "231night",
    "1230195383": "Mr_Builder07",
    "1231242764": "MLRT01",
    "1239930000": "jipjap091234",
    "1242359377": "TheTeslaKing_Conor",
    "1246061050": "campcamping",
    "1249665262": "fatmanmoney123",
    "1254295876": "justin_0558",
    "1254419029": "Louender134",
    "1254919239": "rl3wis",
    "1257431967": "Siilvermxoon90",
    "1257949729": "Furiasrobot",
    "1257964193": "demsakar2010",
    "1258012475": "pancakeface12333",
    "1259543237": "CameronTheGamer99",
    "1260112439": "robloxrobot201362",
    "1264194157": "LeBanania",
    "1264645879": "FelicityMesa",
    "1266041997": "Aprikosepro",
    "1272111208": "mrperr11",
    "1275376431": "B00PUP",
    "1277295691": "Tebbot_Dev",
    "1280490709": "Bathgate3",
    "1284005597": "LJShep09",
    "1284869198": "bbenjami55",
    "1298923513": "Harvtyler1234",
    "1311562135": "vlsgna",
    "1312713224": "AlexTheOofGuy903",
    "1315438130": "lucas344544",
    "1318097410": "oak13oak",
    "1318264280": "sethjen27",
    "1319842498": "4qtom",
    "1331299710": "VladimirProstakov",
    "1336137597": "ariisbvkery",
    "1338047057": "GamerStackDev",
    "1338579366": "sparks917",
    "1338916778": "sandwitchman361",
    "1339880621": "Kirilltmo_gaming",
    "1340082337": "Antosianek1",
    "1340510166": "electrodragon12121",
    "1344680373": "fred_samsung14",
    "1345932931": "FJDavis1",
    "1346061799": "StevenAviation",
    "1348033154": "WilkcSwe",
    "1357860692": "24kBr0die",
    "1358046900": "boubabibinette",
    "1364290075": "campcamp2020",
    "1371664780": "rxlaxdl",
    "1372020770": "2utton",
    "1374416255": "FARTS_ALOT2004",
    "1376655602": "starwars_will",
    "1376907643": "AlexF759",
    "1378319498": "pizzalegokid20",
    "1379670719": "potty457",
    "1381111350": "lasetcamel",
    "1381872487": "Lovvos1",
    "1383622618": "jerzyskorupa",
    "1385630698": "Nickeymagic",
    "1386070393": "Anfieldlion09",
    "1386240906": "Fiire_ProHD",
    "1388176337": "LN_4Fan",
    "1390284986": "BlockyCreatorsYT",
    "1393279067": "banana314444",
    "1402360348": "Pro_ZEssional",
    "1406564755": "itzzz_Marlon",
    "1413485315": "iamjeff1w",
    "1414492377": "Jondeer122",
    "1414588860": "igorkoigi",
    "1414728750": "TrippleJStudios",
    "1414997123": "XDeveloperXTX",
    "1417788609": "queenkofi",
    "1423910276": "tilliban0102",
    "1424982308": "Super_DM2013",
    "1425392484": "liondragone",
    "1426574616": "banis12378",
    "1432393701": "brodalicious12",
    "1433050763": "bartek4844",
    "1433323279": "Xawii6",
    "1434415690": "Clonnygamestyu",
    "1435027781": "itzjulek",
    "1437143000": "Lucashaigherty8",
    "1438928917": "unkwon77maxemer",
    "1440069732": "bigkiwiboi",
    "1440710702": "ash_only2",
    "1446291894": "TypischStian",
    "1447879734": "AndresHD110",
    "1449959822": "newlaptoppro",
    "1451248831": "K3NZl333",
    "1455824440": "traeshonalan",
    "1456698605": "RobloxJeDebilovina",
    "1457324656": "hugothedragon23",
    "1458530724": "buddymanhhhh",
    "1461731868": "Brookenfaces",
    "1462461963": "UhJose_ph",
    "1466581082": "Pikachu2010thebest",
    "1469588769": "Nathi_131",
    "1472842798": "prorules15",
    "1473441072": "Kingcooney232010cubs",
    "1473979674": "Amila_142",
    "1476167873": "AccelRanger",
    "1477919602": "sizzle5010",
    "1479294461": "Oliplay_Developer",
    "1480685856": "rubykin10",
    "1481252042": "artscraftsjay",
    "1482585377": "Astutebear2017_Alt",
    "1484176701": "Flupjamin2010",
    "1484352588": "AlpinerXV",
    "1486463682": "funnyguyroddas",
    "1488857857": "neonfligter296",
    "1491727104": "rytyfrs123",
    "1492427522": "jayden_bro09876",
    "1494217007": "codeluke567",
    "1494334120": "xXFabulousRobloxXx",
    "1496590680": "securityalarmtester5",
    "1497515486": "Explosiongamer2020",
    "1499991249": "dello2010",
    "1501561562": "Neulamm",
    "1506034913": "bnovecarpet",
    "1507522692": "CheirmenOnTop",
    "1511588179": "Maltstars",
    "1513042666": "Fire_Phonix110",
    "1514989515": "brechtbrecht222000",
    "1515655838": "TeaH2O",
    "1517196850": "KDHGETTETEYDZGHHEJ",
    "1518095557": "tufumukl",
    "1519073315": "DesiredExcel",
    "1519418702": "foxyks123",
    "1519607262": "Antiscartino",
    "1521420392": "zertybee_5",
    "1522128003": "bobbyswaine1",
    "1523277193": "ashannabanna",
    "1523974574": "m4rkybr0_alt",
    "1525243446": "azerrfza34",
    "1525662952": "Soulincy",
    "1525663115": "ddhkregel7",
    "1527378431": "Noahline3",
    "1528311834": "heuhmcdev1tt",
    "1531599966": "RileyRCNet",
    "1531835532": "darwin331122",
    "1533057715": "Ayden5967",
    "1534657389": "Cool999box",
    "1535668975": "Maruda20121",
    "1539355428": "Ekamrye2021",
    "1539846923": "DutchtuberJobbFSenne",
    "1545449523": "lpank0",
    "1549774176": "SKYrainbow2049",
    "1550400969": "iSimplyyTxi",
    "1551208865": "noah01q",
    "1552141155": "BobbyIsTheBest8711",
    "1552237912": "Cheeky_2810",
    "1553061925": "xXIAmEJ_MeXx",
    "1553181195": "dominik_krasy",
    "1554219716": "alissattina",
    "1555068741": "Nevs130",
    "1555634435": "x_Maxyy",
    "1560903525": "coolboycarter55",
    "1561132554": "VerifiedAapje",
    "1561520243": "January_092000Chuc",
    "1562641996": "Vqnite",
    "1563128665": "nickk123459",
    "1563910762": "Robloxfan8s",
    "1564812821": "6akamakadrik",
    "1565374259": "Erikxai",
    "1566614571": "RockBelow",
    "1566789115": "kajtk1",
    "1569465284": "Jopio0819",
    "1571761487": "fotel007_2",
    "1574358161": "leeb345235",
    "1575193948": "jackjans1234",
    "1575496187": "C_AMERON21",
    "1580846686": "lordo267",
    "1584045459": "millarvanilla",
    "1586261412": "akexlikebos",
    "1586337939": "CharlieOMG303",
    "1588172714": "potcyhuvtyvu",
    "1588450199": "jansen_tessa",
    "1588942603": "bentoy2512",
    "1590265336": "Jam4life77",
    "1590892968": "adoptmeseller1039",
    "1591015202": "mrtommyb1244",
    "1592843700": "FantastiqDev",
    "1595211604": "jacobbell144",
    "1600930974": "Mickeymouseleosmith",
    "1602589136": "Pietkite",
    "1603801227": "EvanDevvv",
    "1606013827": "TilTak3108",
    "1606668244": "Gbox_GamerNL",
    "1607588700": "CJGamerboy3579",
    "1608485927": "uni385643",
    "1611374197": "luke_playz5562",
    "1614497896": "robloxking262011",
    "1614543204": "DO_FLIPEDxYT",
    "1617354000": "witherdbonniecheck",
    "1627754341": "Forzafan123470",
    "1629436133": "Loadspecs",
    "1630595197": "kailiddell2009",
    "1631208916": "Alfie_Pro990",
    "1631485525": "vyqwaintfan1119",
    "1631844030": "berycram",
    "1632468571": "happyfeet12_13",
    "1636105806": "Pc5135",
    "1638577483": "jamesmagame",
    "1638644208": "Liverpoolisgod12",
    "1642518212": "GlobalM2gamer",
    "1643134885": "S409_MODS",
    "1644953594": "dghlkxyvdyxj47",
    "1646582049": "garlicboy2008",
    "1648115367": "KiylloRen",
    "1648669597": "NinoE123456789",
    "1652513752": "iimonkeyxxs",
    "1654571598": "snowhead09",
    "1655015522": "BaniCraft_Roblox458",
    "1658944309": "EnDoxTen",
    "1660749669": "AJC3950",
    "1663028668": "IndexSearchx",
    "1663650880": "Zvlqr",
    "1665745336": "Okkie1203b",
    "1666413221": "asierprooooYT",
    "1666465038": "Realrichandcutiegirl",
    "1667745632": "Simply_Solly",
    "1670560601": "ThomasJHathaway",
    "1674212864": "Aaaaaaaaaunf",
    "1676380143": "fortnitegod3411",
    "1676606567": "mattypb2011",
    "1676878267": "bloxnewsteam",
    "1677502086": "SethPlays31",
    "1686705633": "coolerhawai",
    "1688517739": "Trooperjacob8_Alt1",
    "1688934732": "PinewoodgamerlabAcc2",
    "1688959166": "hacher9573",
    "1695066680": "minecraftpro461246",
    "1697629655": "MateiOMG35",
    "1698031578": "Michael_s15",
    "1698102878": "Scouting201",
    "1699666917": "Adoptmygamer2020",
    "1701589963": "10waghk",
    "1705573373": "pxscal361",
    "1705787137": "MilliePlays31",
    "1706518323": "zverturned",
    "1707969290": "LordScaith",
    "1708138422": "BigBoiSushi124",
    "1708379069": "beaudssssss",
    "1710712806": "Maske_vergessen",
    "1711503952": "KhalidTheGamer123345",
    "1712795600": "GamingWithCaden34",
    "1715483529": "Papyrus_FR09877666",
    "1722271565": "jakboy2713",
    "1722601789": "xOllyxF",
    "1724600590": "iloveaunts2020",
    "1724662213": "3dmarcin",
    "1728086335": "Maxmustermann345",
    "1728117736": "xxxLordCZ",
    "1728143264": "dylonbuildingac",
    "1728999811": "Flamesforgames2020",
    "1733911757": "adamka16673",
    "1733937099": "Geencommentaar1207",
    "1734102247": "MrSlugmoon",
    "1740516916": "rthomas85400",
    "1747379664": "Fxs72",
    "1748994182": "thegilbrothers",
    "1753515357": "PPaa2010bt",
    "1756873944": "CrystalOceanHolder",
    "1764424273": "yvtcygyg",
    "1766709657": "Le_Kea",
    "1766845468": "ghrobotic",
    "1768556322": "iiBubbles_Harry",
    "1770529664": "michaldeska",
    "1773583346": "xovicly",
    "1774060496": "kjmoore_yt",
    "1778114592": "Ritselaarr",
    "1784893128": "Barszagi_2011",
    "1784905130": "cobnoob1234",
    "1786179821": "ropro1084",
    "1788906473": "johnaiken20087463928",
    "1789159720": "bowe2314",
    "1790109415": "MirValor",
    "1791633534": "BudstarX",
    "1795942794": "toycar9900",
    "1799267286": "public_hanzo74",
    "1799405559": "Maurotjeiscool",
    "1805408759": "Bennybearisbest123",
    "1805970643": "PurplegamingNL",
    "1806418677": "nichotheman2016",
    "1807055520": "keithtimmins",
    "1808129773": "NovaWright",
    "1809127187": "Sy2aas",
    "1809309138": "decallsop2008_3",
    "1809776052": "judlvm1234",
    "1812015316": "RYHPlayzz_247",
    "1813058140": "jfjsdnneru",
    "1813822309": "r1eexh",
    "1817295547": "SlayIuki",
    "1821693884": "Roblocks19472",
    "1825424143": "theelcraft1489",
    "1826791295": "partington77",
    "1827374090": "catfaninlove2",
    "1828481079": "flexytheworset",
    "1831321259": "pokeballfan1030",
    "1834921408": "desjay123456",
    "1837360256": "W_4lt",
    "1837499782": "oflmb123_RBLX",
    "1851828401": "27kxfading",
    "1855269583": "glasteller",
    "1856921623": "Diorlx12",
    "1859640838": "Miskha_443",
    "1862114604": "jamesss0911",
    "1864912079": "HuHongJun_YT",
    "1865374355": "tyty26229",
    "1866295793": "Juliabk911",
    "1869981592": "Bloxy_Ocelot",
    "1870350874": "SchrimpLeiche81",
    "1881462166": "alens21513",
    "1881713861": "CiaraOKearney",
    "1883764232": "dvmkovjo",
    "1885345978": "Luca2011Pepe2017",
    "1887818210": "AngerminecraftYT",
    "1891984570": "Cr0cScore",
    "1894431098": "sharkboy_denis2007",
    "1896137318": "YTDQD893",
    "1896557145": "alex6cars",
    "1911406501": "CSYON_Official107",
    "1914532214": "Ian_Commando1",
    "1915468048": "Fish32296",
    "1916227711": "Unknown_151Official",
    "1923593563": "Forky4L1fe",
    "1931193471": "xDLiveRBLX",
    "1935196177": "H201_14",
    "1943991873": "Jackophxz",
    "1945670200": "Zetedoctor001",
    "1953327324": "alfiegrierson86447",
    "1954626639": "tyconowyyt",
    "1956117881": "V3rktic",
    "1963057652": "jumpingRyannnn",
    "1969848810": "notiamstevenb",
    "1972788081": "VR_NEWS",
    "1982003812": "xxFynnWasGehtxx",
    "1988637005": "Brxzews",
    "1992162416": "mirek123wiktor",
    "1992944831": "JakeNeame",
    "1993588561": "TheRealBabuJacob",
    "2001727841": "Gabidiego111",
    "2006952104": "superboyz123111",
    "2011371197": "Populardrog2",
    "2011804547": "The_smarttheo123",
    "2015428332": "jxdxn_14",
    "2017703900": "brodieandkyle",
    "2021123979": "THEAndrewcm58",
    "2022023470": "Vrtrusted_devil",
    "2023094353": "RealCrocy",
    "2028407002": "Yallstank77",
    "2029160713": "richaadi989",
    "2030209556": "MathisBsst",
    "2032798479": "bybyshark_56790",
    "2033496411": "EmeraldRailwayVids",
    "2034684389": "Bartial20",
    "2035711720": "Lp_nice1",
    "2041138735": "SebyIepu01",
    "2041533214": "Sam_osaMan73",
    "2043024896": "ilovebon2020",
    "2048279411": "Jaidoxz",
    "2048699382": "robloxaltaccounts8",
    "2050556330": "1x1x1x1_officalacc",
    "2052570697": "studiomoon_cz0",
    "2061968645": "Timond11",
    "2062432071": "ols_bols2014",
    "2062571061": "roblox11mlo12338",
    "2063281688": "eduardo1234radu",
    "2067451744": "DamianS0912",
    "2207675311": "Harr6068",
    "2208554665": "sharkking5286",
    "2216031060": "OM_Vaske",
    "2217163019": "alexanderhome898v",
    "2225793730": "CreatorHadley",
    "2229453913": "clementmoi20",
    "2233626737": "MrTriangIe1977",
    "2233665813": "Jermaine22015",
    "2236311346": "Osito0337",
    "2241100084": "Starjustin16",
    "2241886691": "hyperdragon1979",
    "2245928065": "yefewyu",
    "2251537571": "poggers123456742609",
    "2252053152": "Adam_Protected77",
    "2253358432": "Niklas_robo",
    "2254470099": "DountFactory98",
    "2254924087": "kidswillems1",
    "2257821587": "deguest45",
    "2259894566": "officercat1437",
    "2262561675": "Immortal_ninja02",
    "2264840221": "YourRobloxianDev",
    "2265494470": "iAnatomy",
    "2268439948": "RobloxianmediaRBX",
    "2268575842": "heyitsmejdj",
    "2269072055": "vallezengli1324",
    "2269144809": "Cese_05",
    "2269721183": "connor666A",
    "2274557677": "SyntaxUnlimited",
    "2278371332": "juls661",
    "2280967438": "123hsbhsh",
    "2283766708": "LuisDaWollf",
    "2285248954": "Rjay99g",
    "2289783279": "S2nzired",
    "2292129863": "atomicbing454",
    "2295631186": "bobwarbat",
    "2298389787": "BillyBob2544",
    "2303479431": "Timiiiw",
    "2310603549": "ItsDarincho",
    "2325761050": "Anaapoio",
    "2328894056": "SharkyPlayz999",
    "2330599712": "Juleks115",
    "2334057070": "bxmwfxn",
    "2338235521": "Robloxian_51625162",
    "2338851363": "farandaz77",
    "2340125104": "JakubekPoland",
    "2340646430": "Pokedi451",
    "2343270352": "rondjejayden",
    "2344920441": "zerfix_bolt",
    "2345432302": "Sajmon6612331",
    "2345766547": "48kGoat_YT",
    "2350564967": "Jamesisfunny33",
    "2351091483": "Andrus67pro",
    "2354563519": "Jackjack4635",
    "2364445471": "Yoice100",
    "2365777545": "blvshfxl",
    "2366834611": "RileyHiggs9",
    "2370199697": "Oskarinnio02",
    "2376831097": "llanbradachperson223",
    "2382162073": "michaelbauzo24595",
    "2383194510": "roblox5apple",
    "2383585057": "Ethan_YT265",
    "2386401535": "Thecatandthedogthe",
    "2386485535": "Blackpanther899176",
    "2389240841": "Ardaacc7",
    "2393550810": "giz985alt",
    "2393661418": "Rhyz_07",
    "2399346818": "matrixonoo",
    "2404199906": "JiaJiun1024",
    "2405497950": "Lukascitizen",
    "2407161071": "Harry2Olly",
    "2407546867": "Sfitlicy",
    "2409385584": "Roblox_amy2005",
    "2411306972": "PratchCoolGamer",
    "2411856412": "CoolGamer5671_YTube",
    "2412963153": "Swatteammemberboss",
    "2414934063": "2y7wyd",
    "2418191177": "Transport_RBLX",
    "2418245976": "Clive_idk",
    "2418768872": "Spike_minecraft2",
    "2421140987": "Vincentlol0987654321",
    "2431052413": "IlovepokeRj49",
    "2444928038": "ManmalsCorp",
    "2445829090": "johnnylexold",
    "2447342758": "Lisandru468",
    "2450220934": "jasonzockt56",
    "2452718575": "MisiowYT",
    "2456595884": "Revolutionapple_2",
    "2459959254": "UNlONPAClFlC",
    "2464906832": "tayloroscar299",
    "2466564080": "BenjaminCranston",
    "2466637991": "Joshkm1357",
    "2474359638": "froggken",
    "2478765658": "theoscytechguy",
    "2491098821": "Enhanced00",
    "2491758451": "hero_boy753",
    "2493431358": "Cyaltr21",
    "2496599063": "IscriptXD2",
    "2499095913": "IamLogan555",
    "2505537254": "hullwool",
    "2510139908": "pxyro12",
    "2513439082": "stolencomet",
    "2513765018": "fazeGodguy333",
    "2532121809": "1conic_XD",
    "2536997337": "Dj_parker2013new",
    "2542615379": "akonato321",
    "2546107915": "Baxel_HD",
    "2546118081": "sc_00xx",
    "2548055714": "Alexa_68200",
    "2562534997": "Gameingwithcj2011",
    "2564466333": "CR9Official",
    "2567246059": "Jojo2468siwa",
    "2567742132": "bggshb4",
    "2575939076": "Lorenzopiscaglia",
    "2583779689": "ColtonWilsonmacoroni",
    "2587297301": "Leone_2211c",
    "2587406710": "Rocketlucas901",
    "2589755903": "Mjfawks1",
    "2594593349": "bananenfreak2002",
    "2596204779": "Meinkoenig",
    "2601677182": "blaxe0007",
    "2612901669": "politieagenttom3",
    "2613375355": "panini164",
    "2617238982": "Quitzm",
    "2627287266": "fireninja41152",
    "2629383665": "sebastian2021sebix",
    "2630862979": "stwqbrri3s",
    "2636621324": "mrcat3485",
    "2648573619": "Rosedinosaur1414",
    "2653177878": "Gamingtraingates2",
    "2653328700": "emirhanmrb",
    "2670719057": "Nenaxdawnn",
    "2671605822": "Flydragonmat123",
    "2674218951": "monkeygany",
    "2680503859": "thelovlygamemaker",
    "2686581960": "birb231a",
    "2687040753": "voidlewiss",
    "2695157953": "jacobm_04",
    "2697672893": "TheDollka",
    "2698768605": "guest9O548isDELETED",
    "2702286791": "imjustin21236",
    "2709983009": "Nicky_BluePotato",
    "2716214769": "Kicky_RBLX",
    "2718288499": "jayman24568",
    "2730202426": "MrGour",
    "2746910855": "Thealivejames",
    "2757023901": "liefie2000",
    "2757903491": "Denis_08307",
    "2759068618": "EmilyGuv123",
    "2759947347": "alexandros252423",
    "2759993207": "hh_eesti",
    "2770914541": "chickennuggetare_pro",
    "2773569530": "dylanwillon1234",
    "2773983019": "AsdaHolder",
    "2775502189": "BlendedHugo",
    "2777416078": "RankingBot20343",
    "2783119315": "Flash_Holder",
    "2789635400": "FranCio_89",
    "2792114102": "ItzJustLeighland",
    "2835520047": "Huenchen_28092",
    "2838090758": "aarongaming_official",
    "2838950927": "DogeStongs",
    "2840448482": "itzzme_jonas",
    "2842124708": "saner333333333",
    "2843777383": "laur5pesto1",
    "2845071961": "chef8245",
    "2858315386": "Mario_Craft01",
    "2865031010": "Crustedgecko345",
    "2889633149": "Polizeima121",
    "2895564875": "xdeeeeoo",
    "2900784296": "cikepaokei",
    "2944339015": "lepro1deroblox",
    "2944620630": "DIRIEN98",
    "2966734467": "Nikitaderbre",
    "2975861498": "Vova123456789co",
    "2976160619": "Slimy_74",
    "2980405165": "gameroliveofficial",
    "2983162965": "shakenvac4",
    "2983608562": "whosleader",
    "2989782887": "DomEWay512",
    "2992863834": "Lester_LOL1",
    "2995105163": "PD12856",
    "2997255204": "Kapi_TK",
    "3000056362": "johnys1411",
    "3001838680": "IHATENOVAHOTELSXLOLk",
    "3002852325": "V3L4NTIN0",
    "3003943346": "CECFan1992",
    "3006886585": "BeneluxForLive",
    "3022123594": "ohwe_n",
    "3023006301": "Gummiende",
    "3032142737": "KniteSpace",
    "3037424386": "Davidkas13211",
    "3039197473": "NotSirensNrandomStuf",
    "3039202917": "FireGamersDE",
    "3039235732": "Unociaobello",
    "3041253164": "chaliali_oficial",
    "3046328783": "Funmangames1344",
    "3050744747": "Leon_magroblo",
    "3051903239": "Jetstar19043",
    "3052613977": "Dadpopcile",
    "3058407895": "Cardblord",
    "3058419297": "Masop_ONYOUTUBE",
    "3060613548": "Scott_Lochnivar",
    "3064945797": "MadreBeagle",
    "3074692815": "CarterisYoutuber627",
    "3078085205": "AgentFoxWolf",
    "3086380438": "Holder_Gr0up",
    "3088475820": "C10wny1",
    "3091077936": "JakedarlingYT15",
    "3093953496": "sisoytikitiki",
    "3106797313": "AnimeAnergy",
    "3113000264": "VexelGamingOfficial",
    "3119117246": "NerfLaw147",
    "3121792236": "KoningRobert",
    "3136507420": "sunyiran2021",
    "3148305274": "NoeKubilay",
    "3148348869": "Nicoduino201",
    "3148424238": "tibebooiedit",
    "3148847792": "louis_louie2",
    "3169617276": "OfficerMarlow",
    "3177122133": "Galaxy0nRBX",
    "3177378056": "ben_robloxs5456",
    "3185277321": "Lewis_B79998",
    "3189383634": "RealProHair1",
    "3192792843": "2009mkraw",
    "3194372451": "Dev_icenight",
    "3195712478": "bacon_foodgodddddGFX",
    "3206609814": "Sebecode",
    "3217012129": "czekoladkaaa15",
    "3217194083": "Hi_131Olka",
    "3220586622": "BorrisHorisJohnson",
    "3235318924": "Elias192012m",
    "3239428707": "BedWarsGod517",
    "3244213171": "soft_koala3",
    "3244418977": "Ryantjuuh14",
    "3250042335": "ttvbobby6780",
    "3250712762": "PeeFluBo",
    "3259323583": "Zloto_GamingYT",
    "3280233174": "PGOfficial01",
    "3284442274": "JonathanOnTheWay",
    "3287287556": "GoStars7002",
    "3288455067": "Richardkaskey6678",
    "3291082721": "Luarection",
    "3297375146": "lqcas70",
    "3303397885": "fraaakz",
    "3304969395": "Yoarethebestoftoday",
    "3314150324": "FilipKakotez",
    "3324151568": "LuckyGoldBar07",
    "3328875478": "Zackary_official",
    "3341740524": "Oscartheg2010",
    "3342102470": "SkillLearner",
    "3352802225": "kiki68150_2",
    "3353526136": "Avqlcc",
    "3357774791": "Itsjeboysem_1234",
    "3373847503": "JorisGOGOO",
    "3378099104": "a3802024",
    "3394338896": "OfficialMrCheeseRBLX",
    "3396409663": "Reventium",
    "3401549739": "N1X0RS",
    "3401594687": "Toferx_yt",
    "3407001595": "people00090",
    "3408440333": "Res955",
    "3429538564": "tipping_1234",
    "3437755675": "RisenCorgi",
    "3438020567": "Ademkhalol",
    "3439111980": "roundcrew",
    "3441333227": "21davej",
    "3441866281": "amananason",
    "3447353940": "illumin1x",
    "3451316931": "Coder1g",
    "3452884164": "DarealmrbloxyAlt",
    "3459012974": "EBTHolder",
    "3459985390": "LidlHolder",
    "3464646766": "PilotOfTheSea773",
    "3466694154": "Wizod1234",
    "3469207977": "viben33",
    "3481332463": "mr_bus203",
    "3484783628": "CookieDough10929",
    "3489000114": "sorsze",
    "3496613411": "Nyyxtra",
    "3501060887": "OMGahac",
    "3529183875": "GamesBuildstudioV4",
    "3533074092": "h21mmason2010",
    "3539841898": "HeyItsDestinyRBLX",
    "3539940205": "yari_Pro0",
    "3541326549": "AllenYTNoah91",
    "3543550204": "Bubblegum_Jumper",
    "3545428891": "Kiwicast",
    "3552144607": "CrustyFooooot",
    "3555960014": "Trynoonyt",
    "3556892566": "signupman7777",
    "3560626054": "Bobbx_yy",
    "3564725406": "duchAdu",
    "3572155455": "Aspect_oi",
    "3578845660": "aidy122010",
    "3579596436": "Carloalt06",
    "3590893795": "hibyeopenthewifi",
    "3595336493": "gavrielkogan2000",
    "3610472625": "breadmaster7000",
    "3650731639": "sunkys_cz",
    "3656781992": "XxSaiMiz9xX",
    "3669256751": "Kublinaddddddddd",
    "3676475316": "NotOMMiner",
    "3680776704": "MrAddermin89",
    "3684524202": "YessTaylor",
    "3685926996": "Im_Avxrc",
    "3696995465": "Chrisfury89",
    "3704197220": "bloxcoisthebest",
    "3718177800": "IIAmBxnned",
    "3725854199": "Borhweer",
    "3733709363": "twogoodzz",
    "3739243414": "Cclementmoi22",
    "3740057686": "LAFDofficerLUC",
    "3743014926": "TheGamerThomasPlayz",
    "3743679065": "shattered171",
    "3747848646": "Rodu_Wastaken",
    "3750551760": "lenny_1098765",
    "3753566304": "Rowie_Hi23",
    "3753864803": "Shadowgamerty12",
    "3755313933": "2400N019",
    "3761689700": "Bloxco_management",
    "3768303137": "iwillgetmyaccbacko",
    "3770444725": "MrProtogen30",
    "3771793209": "Finlafyd",
    "3776020893": "1ourees",
    "3779616540": "Dorvake",
    "3781080098": "Flash_768675",
    "3788526465": "Bobi0567895",
    "3789315954": "Darkgamingpro3",
    "3801742646": "Lexiex_xxx",
    "3807402494": "d3vk1ngsley",
    "3824547886": "AydenRBLX5",
    "3828072736": "ophjybhq12345",
    "3828469672": "Crazanityyy",
    "3836281983": "BaliMylovepup48v",
    "3837545249": "thekokusnussboy",
    "3842570718": "late_darkshadow",
    "3843085655": "harleyohs",
    "3843625087": "Iam_dead13",
    "3845463051": "awesomeHenrygaming1",
    "3848592508": "Tecso_PLC",
    "3853854371": "joshandjacka_spooky",
    "3867912214": "REDRAGONded_Ded",
    "3868032094": "1d4bvb",
    "3868381031": "F4ulty_Emo",
    "3883240283": "Toastco_Holder",
    "3900258699": "bloxitholder",
    "3908107776": "xlzcas_mainx",
    "3919135697": "Malekbro112",
    "3922705077": "TJPD156",
    "3929378306": "RichardGardener",
    "3936341126": "Dylanhd119",
    "3940651893": "8weistoast",
    "3942726554": "MatthewHoldings",
    "3952966785": "sudiosdevnew1",
    "3956789908": "Andrxw_DeLuca",
    "3960759874": "TheGroceryStoreBot",
    "3985903287": "JTPlayzRBLX2022",
    "3993262262": "Stanford_Holdings",
    "3995518959": "thefreshmarketmanag",
    "4010916015": "popcoor1000YT",
    "4017732236": "Itzz_wojx",
    "4036846550": "MorribloxUKHolder",
    "4047377015": "Donelduck_38",
    "4064796187": "Niko_9515",
    "4067365768": "SR71_RBLX",
    "4073454101": "AldoxHoldings",
    "4085843626": "thomsonc12",
    "4091450487": "NorthBridgeHolding5",
    "4091716789": "nextraholdingsacc",
    "4120017953": "Mi_Bozz",
    "4120554224": "PYLJKE",
    "4120844503": "iiBubbles_Isaac",
    "4131240088": "kryptologist0",
    "4137773930": "NettoHolder",
    "4144349234": "A11ex_Rblx",
    "4156745268": "nathansshhool2",
    "4161914373": "Dropsikju",
    "4182901442": "Jarnexpk",
    "4190768067": "Roblox_King6312",
    "4195294766": "SainsburyOwner",
    "4205808461": "ddust1n",
    "4217734098": "djirov_V3",
    "4222057499": "JackTheDev17",
    "4222390324": "luhvcxnnxr",
    "4258117967": "AH_HULFE",
    "4261832061": "Tim_Karli12",
    "4262838562": "Kax_per08",
    "4266361874": "Creeper_boy123778",
    "4273269804": "Misiowy18",
    "4281833292": "DEV_LEWIS102",
    "4391567816": "studio_game66",
    "4357694212": "ZlashTeam",
    "4379604269": "djirov_V4",
    "4452440972": "JoshHoldings",
    "4452376486": "FruitBloxHolder",
    "4452030698": "Workatastarshop",
    "4506863066": "WindowsSteffan",
    "4527423328": "Jack_jans1234567",
    "4477276441": "shickman1998",
    "4488449887": "DevBenjamin0",
    "4474297371": "Karen_Official24",
    "4336019644": "S24k_4",
    "4654710269": "Bloxmart_Limited",
    "4661523943": "liam041nx",
    "4639360498": "Avi_Bentetn",
    "4563071495": "OfficialDiscovers",
    "4773403206": "TescoBloxia",
    "4599341771": "Fairdev1",
    "4313479197": "Geroge_Res",
    "4390998084": "CoderFPgofficial",
    "4616425709": "he4rtsformoonlight",
    "4869139927": "BMIHoldings",
    "4620573988": "xkvampz",
    "4887679283": "ENTERTAINMENT_HOLD",
    "4965218279": "DEVELOPER_Ojemine",
    "4601431362": "Lowp197411",
    "4872892798": "ConnorDavidsons",
    "4612926711": "MarlinBayHolder",
    "4923394538": "lucawumper",
    "4480681105": "EditzPlayze",
    "4850498414": "RoMartOwner",
    "4436639309": "jqcob_aee",
    "5095500078": "Greenwayowner",
    "4853609007": "Cr3pz_Dev",
    "4703470209": "Gingerale533",
    "4906232545": "Viittoo30",
    "4343324224": "DeezInYoFaceDude",
    "4887282973": "brosky123456789jk"
  },
  "Groups": {
    "3864004": "Roblox Aldi",
    "4034730": "Beyond Hotels",
    "4061159": "Trix's Cafe",
    "4188838": "Beró",
    "4433987": "Morris sons PLC",
    "4904197": "Just tech and games hangout",
    "5115945": "Unity Systems",
    "5156226": "Revaco",
    "5167043": "High Skyz Corporation",
    "5383129": "Nature Hotels & Resorts",
    "5465496": "sunset airline and hotels",
    "5798031": "Trènta",
    "5817973": "RO-OP Blox",
    "5925127": "Superblox PLC",
    "5950711": "Adventure hi gaming",
    "6213717": "Education Authority PLC",
    "6235775": "Bloxco Supermarket",
    "6241748": "Piez Cafe",
    "6251399": "Sainsbury's Putney",
    "6418315": "Sunrise Hotels and Resort",
    "6467036": "Reve PLC",
    "6516915": "JUMP Trampolining",
    "6521614": "AldiBlox, PLC",
    "6887964": "FairMart - Supermarket",
    "6985513": "Goofy Games Corporation",
    "7082031": "Ρinewood Αcadamy",
    "7324717": "The Home Dеpot",
    "7668599": "theelcraft1489 gruppe",
    "8536583": "Let's Party!",
    "8865525": "Blox-da",
    "8960938": "OctoStore",
    "9230471": "Restaurant La Stella",
    "9270479": "United States Marine Cor [US-MC]",
    "9357667": "Fenwin PLC",
    "9643396": "Armodia Systems LTD",
    "9697831": "The Gold Store Corporation",
    "9779914": "United States Marines core USMC",
    "9810992": "Maui Cafè",
    "9853705": "Roadcity V1",
    "9882809": "IGY Shopping Centre.",
    "9990571": "iamkiriII0202's Group",
    "10133933": "Silly-Goose Productions",
    "10365473": "Bloxburys Supermarket",
    "10778146": "Prorules15",
    "10877616": "PortBlox",
    "10924029": "The Rock and Water Resort",
    "10952536": "Flex Hotels",
    "11135290": "Zacherry",
    "11176769": "Geistezblox",
    "11196313": "TheFreshMarket (The Cool Humans)",
    "11358722": "Aldo Local",
    "11375180": "Fairway PLC",
    "11380852": "Aldox PLC",
    "11558574": "ASDA Robloxia",
    "11582289": "Asdablox TM",
    "11788447": "Team Koda 2",
    "11795615": "Robloxian Wholesale Group",
    "11800140": "Wolf Supermarket PLC",
    "11800685": "Puddings Bakery",
    "11882527": "Comic Corporation!",
    "11907736": "AtherFeild Shopping Centre",
    "12009124": "Shell's Café, Restraunt.",
    "12467391": "Cheltenham Transport",
    "12481007": "clicker game",
    "12531506": "Zacherry Shopping Centre",
    "12580080": "Fresh n' Fruity",
    "12692172": "Food Stores Limited",
    "12734419": "Direct Retail Solutions",
    "13009812": "Stormy Department Group",
    "13210388": "airCare Airports, Inc",
    "13439903": "Liberty Development Group",
    "13874159": "LіdlBlox",
    "13984336": "GTStudio",
    "14144297": "B&R Bargains PLC",
    "14180527": "Görans soffa",
    "14242980": "Morriblox UK",
    "14334637": "Bloxco Stores Limited",
    "14521558": "Australia's Supermarkets",
    "14528882": "Freshblox PLC",
    "14531355": "UK Megaplex",
    "14555781": "Marks & Spencer PLC UK",
    "14578586": "Coast Side Hotel & Resorts",
    "14681081": "Aldiblox Stores LTD",
    "14749669": "Extended POS",
    "14810249": "One Blox TM",
    "14827344": "Greggs Group PLC",
    "14887271": "Besco's GB",
    "14898259": "Co-op Superstore",
    "14928845": "Loyal to la furry",
    "14943095": "AGSM (Models & Scripts)",
    "15020334": "NL | Albert Heijn Roleplay",
    "15061058": "Bloxburys PLC",
    "15125204": "SeaNoobs Hotel's",
    "15137122": "Blox-Shop",
    "15194933": "TA | Thornhill Academy",
    "15227097": "Kekso - Roblox",
    "15235747": "ALDA Corporation PLC",
    "15257077": "Fit Game's",
    "15316074": "BloxianMarket.",
    "15330415": "Happyiez",
    "15395666": "Lidlco",
    "15428732": "Co-op Food Roblox",
    "15448531": "Fg.inc",
    "15505466": "Tesco UK PLC",
    "15510726": "Ledili Stores Limited",
    "15513613": "IcelandBlox",
    "15653517": "Woodbury Farm Shop",
    "15654453": "BloxShop PLC",
    "15670625": "Urbis.",
    "15671604": "Tesco Blox",
    "15696940": "Interspar Roblox",
    "15741368": "Donaustadt",
    "15753494": "Kaspas Desserts",
    "15793526": "fernfish corp.",
    "15838253": "Saffron Wholesale",
    "15838499": "TE || The Essentials",
    "15845738": "Bloxissons PLC",
    "15851752": "The Cross Street Plaza",
    "15862340": "Waitrose PLC",
    "15884251": "Zonic Stores Development",
    "15884846": "ALDIBLOX Official",
    "15925466": "Cloudy Supermarket",
    "15931233": "Pembridge Academy Trust",
    "15940534": "Supermarket RP",
    "15941380": "Edeco",
    "15941416": "ETSY Shop",
    "15943887": "WallBlox",
    "15985573": "Stanford General PLC",
    "16005933": "Turner PLC",
    "16021706": "cc superstore PLC",
    "16022132": "Waitrose Poland",
    "16032635": "Dashay Supermarket",
    "16088665": "Walmart | Corporation",
    "16089995": "Tesco Group's",
    "16121272": "Nova Academy | Efficiency, Hardwork, Wellbeing",
    "16140461": "Studio Dynasty",
    "16189526": "Sainsbury's On the go",
    "16204196": "[JTPP] JT Productions",
    "16209001": "Shop n' Blox",
    "16215187": "Co-Operative Group UK.",
    "16223505": "Bestbuds Plc",
    "16251482": "Bloxware Supermarket",
    "16266810": "Morriblox UK | Roblox PLC",
    "16273501": "Smart's Academy of Development",
    "16292855": "The Regis School",
    "16310629": "Cheshire Academy | EFT",
    "16318777": "DreamBloxRBLX",
    "16337195": "Lowis Liwien",
    "16343793": "[NA] Nova Academy",
    "16356492": "Asdablox PLC",
    "16381053": "Diamond Studios LTD",
    "16394304": "ReweBlox Co.",
    "16396955": "Bloxotel Group",
    "16411091": "SaintBury's",
    "16411466": "BLOX N'",
    "16415269": "Chesterfield Local",
    "16429661": "M&J Retail",
    "16433555": "Ladybug, PLC",
    "16459311": "BloxstoreShopping",
    "16460786": "Netto Supermarket",
    "16488501": "Pesco Stores Ltd.",
    "16496640": "Tesco Corporation | PLC",
    "16496643": "Actionblox TM",
    "16502761": "Bloxbyte PLC",
    "16661932": "Freshmart Stores PLC",
    "16662990": "Walmart Express PLC",
    "16664438": "Sainsbury Store",
    "16708372": "Canterbury PLC",
    "16708780": "Thrive Grocery Store",
    "16741716": "Spectacles Optical Group",
    "16791983": "Best-One",
    "16860216": "Horizon Group PLC",
    "16931094": "Coop Mega",
    "16981702": "Foodia Supermarket",
    "17050722": "Burlington Mall",
    "17082374": "BloxWay Stores LTD",
    "17132393": "Liberty Hotel & Resorts",
    "17196334": "SparBlox LTD",
    "17250901": "Co-opblox TM",
    "17293075": "Ubiquitous Group Rental Services",
    "17331190": "Viva Ltd",
    "17398407": "Shortbread Supermarket",
    "17409671": "Southend Supermarket",
    "32008084": "Tescoblox Supermakert PLC",
    "32057323": "EVA AIR - [Airline]",
    "32310649": "Roastin’ TM",
    "32312202": "GoStreet PLC",
    "32722132": "MarketPlace Shopping",
    "32767732": "Prime hydra!ion",
    "32770408": "BloxeyMarket",
    "32785531": "MetroMarket PLC",
    "32805604": "BloxMart Corporation !",
    "32882204": "Blox Shopping",
    "32910567": "Walmart Store:",
    "32925362": "Steak Wood Store",
    "33078006": "Aldablox Supermarket",
    "33160399": "FoodKing",
    "16656234/": "Discovers Shopping"
  }
}