{
  "Players": {
    "1158": "Tyler",
    "108433": "oj_xyz",
    "144128": "Load",
    "190870": "Crocboy",
    "245783": "gerben009",
    "2857666": "8oe",
    "3864004": "Roblox Aldi",
    "7230067": "the coper group",
    "8601492": "Fortnite frieends forever",
    "9085977": "FruitBlox Shopping",
    "10365473": "Bloxburys Supermarket",
    "10929018": "CommissionerFire2211",
    "11068383": "sebi2006",
    "11907736": "AtherFeild Shopping Centre",
    "12273040": "C0YNZ",
    "12577343": "Not_AlfieL",
    "14050408": "Carrefour PLC",
    "14126149": "James_Ashworth",
    "14630749": "kevlegouffe",
    "14790582": "werdvon124",
    "15080580": "Tecox Shop",
    "15326005": "piefan11",
    "15531829": "Ro-Op Stores Limited",
    "15568754": "Specifics Superstore RP",
    "15721316": "Wait-Ro's",
    "15851752": "The Cross Street Plaza",
    "15868025": "Sainsbury's (UK)",
    "15975523": "Tornadoo supermarket",
    "16140461": "Studio Dynasty",
    "18561408": "tornadomaster6",
    "20417630": "Ceraunics",
    "24796838": "Devious_Law",
    "33571202": "William_Division",
    "38630241": "kevinu7",
    "40903013": "ApolloCypher",
    "41610451": "JoshVoltz",
    "42531876": "Frogboy4954",
    "45150099": "HelIHoundy",
    "48151963": "michaelvanz",
    "54363473": "hiimjoel",
    "54552242": "HisMajesty_KingConor",
    "55123096": "BlikkieStoffer",
    "56288364": "iiTomsx",
    "59401226": "DreamersRBX",
    "63092288": "ecosse_raverus",
    "65272426": "ArtimeArts",
    "66610883": "builderman9882",
    "66811809": "5elck",
    "67224587": "xoIssacx",
    "69251799": "james200cool",
    "70632701": "frainie12",
    "73702064": "TGCServer",
    "74287506": "LakeshoreRBX",
    "74302199": "Design_Simply",
    "75535693": "cashman200730",
    "76798709": "lukewhitehead1",
    "77105678": "Astra_Moonight",
    "77695211": "MessageGaming",
    "77838404": "bochove",
    "78327817": "RGRAINGER2004",
    "81992137": "SearchingOutThings",
    "84003462": "tynan7891011",
    "84690789": "discentted",
    "84855921": "irlhilton",
    "87257148": "Hype_Ducky",
    "88229213": "taz_co",
    "89363855": "SystemError15",
    "96356063": "romqxn",
    "97284124": "Daniel28113",
    "97410160": "bloxo27",
    "98531256": "farrimj",
    "99093539": "CaptainBr_aeden",
    "99305466": "RobDevz",
    "102233137": "feme12",
    "102367030": "olaf121212",
    "103116769": "supercrazy0312",
    "103847776": "V3LV11TE",
    "104823937": "monkeywater11",
    "105205141": "superevilluke",
    "106315813": "twc2008",
    "106416239": "louandarch",
    "109297346": "Akyrium",
    "109524426": "Syncrophi",
    "113217491": "1coolblockheadALT",
    "114161050": "iEwanx",
    "114905011": "noel4556",
    "120310190": "o_wenz",
    "121867458": "reecewhiteCkrckr2012",
    "126154286": "FaultyNik",
    "128291599": "jphilp",
    "128653444": "JeremyHowdens",
    "130214198": "NathanPlays2016",
    "130459376": "carltheraveyt",
    "131698515": "shootboy444",
    "132078318": "Dev_Tricky",
    "133268724": "complito_YT",
    "135316130": "ConstructedDamage",
    "136088262": "DeniedVisage",
    "139399726": "CurrysPcWorld2016",
    "139436830": "DevKrueger",
    "139527154": "bonnethebunny123",
    "140049022": "bennykirkman",
    "143693406": "RusticJthestar",
    "144773619": "darkmarsuk",
    "145495810": "aerojetplane",
    "145792748": "Dmitry_01",
    "145921637": "ObedientElevator10",
    "146602064": "Mishra09099",
    "147629746": "siimplygentle",
    "148191977": "anvoids",
    "150534988": "DannyLCortes",
    "151708083": "beckyrose_12",
    "153340937": "discobol55",
    "153976997": "WEdgar1999",
    "153985832": "Zenrisl",
    "159531283": "FrenxLaws",
    "160693439": "Its_DarkBlox",
    "161999297": "EllieLBella",
    "162245577": "plukkie100",
    "164252815": "CoookieCandle",
    "164753852": "Hi_gx",
    "171029492": "icecreamjoe21",
    "172589339": "iiHxrvx",
    "172724377": "Gulol_77",
    "173558192": "WilliamBridgeham",
    "173869567": "BraxRealityReborn",
    "173903622": "ryanonthewebs",
    "174880525": "Modder0Source",
    "174925154": "KoallaYT",
    "175829267": "4eignarman",
    "176461699": "aircanister",
    "177544652": "ScarceMrRoblox",
    "179118200": "angelotulp",
    "181896029": "kroki08",
    "183691656": "lupo2008",
    "184238408": "MaxdudeHowdens",
    "184248133": "RyanKielsen",
    "184328068": "ChiefBillBurns",
    "185518772": "im_eoin",
    "188757824": "thankableboomcake",
    "191143394": "aford2003",
    "192878115": "JakeandRichard",
    "198259412": "DecorousRangerover",
    "198682780": "zaacattack08",
    "199754660": "busandcar",
    "200833733": "ashkai3690",
    "201254926": "lovely_charlotte",
    "201966816": "Jlmac2005",
    "203057232": "AmazingSuperDylan",
    "205978136": "ThatEpicDevX",
    "208810265": "Avioxeiy",
    "211782388": "KindKonnu",
    "214274654": "hallo1142",
    "214631116": "ricaluu",
    "220289927": "hangname",
    "225139295": "pezzer2438",
    "227052239": "Seasontr",
    "228570216": "nws131",
    "233133939": "1Epsilon",
    "236235383": "muffel1977",
    "237192982": "JackAttackJPG",
    "240481720": "ASimplylack",
    "240733241": "lymonics",
    "244686664": "babycorndog10",
    "247480799": "killerclownLV",
    "248325764": "huuyrrr",
    "248481436": "Get_No0obed",
    "254090301": "ll1uke",
    "266506448": "jonrocco1",
    "267395893": "2342537",
    "268522120": "thecreppyCreeperyt",
    "269101342": "haztyl",
    "275849901": "VictorVernetti",
    "278138310": "JyeRidley2011",
    "278770050": "HANADCOOLKID",
    "280319215": "ttjoneso7_alt2",
    "282663556": "akramer2k",
    "284319919": "12116800",
    "284324919": "Logiebogieboo",
    "285340566": "astroxpreston",
    "287276070": "OndrejDomi33",
    "290016392": "VibbinqJxcc",
    "296324083": "xnfalex",
    "300822798": "robloxlee771",
    "303052481": "greggh7",
    "303402953": "callumjames2",
    "306989712": "safetyynett",
    "311230023": "enqrise",
    "311421825": "OliverRBLX1",
    "311732149": "alberto10xd_rbx",
    "311849879": "opppooll",
    "313762667": "TaylorGaming2019",
    "334288613": "uhMikes",
    "336035044": "bostjanm",
    "336649128": "Lachlan_W8",
    "338214504": "EenSlimeJonge",
    "340703942": "Iuvsah",
    "342938817": "ryleyw12345",
    "343457255": "davidiscoooooolll",
    "344765031": "daimyh",
    "357014345": "missbellchaucer123",
    "369852193": "jersey1972",
    "373457733": "doorkeeper50",
    "374518354": "BrickGaming_TV",
    "375427917": "FundedDev",
    "376450056": "jk4565",
    "380512245": "1_unlawful",
    "380796873": "maxserg1704",
    "381230520": "TimmyMinoru",
    "388612812": "dog00patat",
    "392895158": "Deventted",
    "394344073": "LukeBennett7353",
    "394657667": "OfficerMatthewNeedam",
    "401723120": "CrazyPlayerM100",
    "404504221": "NonToxicAnley",
    "409041659": "auxbh",
    "411935551": "kermitthefrog37",
    "412173818": "Kingofrobloxx119",
    "412398543": "AmaxOnBlitz",
    "416094002": "alexbartles2012",
    "416392694": "Nv4xuss",
    "416918260": "creatorYo120",
    "419381845": "Evolcid",
    "423462114": "jxckk2",
    "423981983": "poopoonica",
    "424807555": "hadders345",
    "426222243": "lenalena2012",
    "429354309": "Smudla111",
    "439812045": "stup18",
    "440644671": "iandonutguy",
    "444568352": "ElectronicalParadigm",
    "452050440": "RobloxSuperFreinds",
    "453762051": "DOPS2525",
    "453777092": "XXChxnceXX1924",
    "455010026": "korea_cko",
    "457587916": "marcinwek",
    "461925490": "angeljin91",
    "464730696": "woollistj21",
    "470549044": "home3460",
    "471302710": "Water_Osity",
    "471950741": "Mulllu_x",
    "475251036": "maxthebeast0590",
    "475568198": "earlydawn233722",
    "480347563": "Matt_idkyou",
    "480430025": "SkyShrub",
    "485211506": "ginger123540",
    "488098597": "simply0mark",
    "489025975": "LoadSoap",
    "489418534": "jqmeswxnder",
    "490129713": "monkeymo8",
    "492634517": "Hqxrtful",
    "496604529": "AviationGiant",
    "498992285": "Myron_power",
    "499153207": "vitoyotube2010",
    "502573047": "arjan213",
    "502610315": "najlepszego",
    "504303377": "Grderol",
    "506529173": "MrDingus11",
    "510874267": "devbenjamins",
    "511467319": "SwordFishArvid",
    "512032342": "Fishyfan666",
    "516674607": "rubyrubefan17",
    "523188173": "LeonLPTV",
    "524071407": "ReTauk",
    "529996807": "iennonlol",
    "533585766": "kiddanger2036",
    "535145143": "Mr_Podge6",
    "535282709": "XdawidX8",
    "541131431": "ajep12",
    "542263665": "rickpijnen2018",
    "544028876": "aleksovskipetar",
    "546379685": "robloxnooah",
    "547006750": "Blonde_Tommy",
    "548054916": "Julpavv",
    "548109411": "ThenewzacB08",
    "552915243": "sanjinfr",
    "553520862": "lokibear154",
    "554650629": "Araflooderso5555",
    "554901610": "rob4fu",
    "555481900": "Cone_AH",
    "557184417": "Javgurean1000",
    "557734319": "greenbiro",
    "560163195": "Oggie2013",
    "560239211": "Wverm2",
    "562550840": "polcedg",
    "563061359": "monkeyade08",
    "563929914": "007matty21",
    "564325193": "Gotabeties",
    "572168388": "hark81",
    "572549636": "xx_darkgame12",
    "574911413": "funwithspud",
    "581245305": "africannaventi",
    "583455050": "EvoXnti",
    "584030623": "huckbyon",
    "591267837": "Matilight2011",
    "591525663": "XxAztrecGamerxX",
    "591962367": "stransky99",
    "593420717": "daniivanovivanov",
    "594360019": "SouIDesiree",
    "598125153": "sasinek12",
    "601330912": "adri999an",
    "605958949": "melkebartduharfarti",
    "627130223": "Polagage1",
    "630186873": "popeyxe",
    "635822694": "GalaxxyAfonso",
    "640179304": "iiHRBX",
    "641197106": "J20_iCrazyTeddy",
    "645075675": "jeremi_lab",
    "646071116": "Tom356824",
    "654007448": "ruel1772",
    "654526663": "Mrolive1",
    "670087477": "TheRealLogiti2",
    "675581790": "UN_RBLX",
    "677551423": "x1Ja_ke",
    "685604624": "bellabest92",
    "686122171": "floofyfloofify",
    "694615084": "isaacfeather",
    "695083072": "shinouda4",
    "695779194": "Josh_0MG",
    "695934583": "Ilyycam",
    "695950676": "Mark_Gergely",
    "698744024": "boler1000",
    "708540991": "L0V3M1K3",
    "716429855": "longman0109",
    "716761693": "comfycass",
    "723307478": "iiBubblexs_Catilin",
    "723693920": "Sternchengo",
    "727651954": "MinecrafterDam4",
    "727875251": "tommypudding11",
    "728027236": "nicio28",
    "728710649": "ethilips",
    "731451029": "DamianPod6",
    "732774516": "ERICLOTTE123",
    "743169008": "peterik2011",
    "747048565": "babyduckyt98765432",
    "750464314": "CreepyCaybz",
    "756067121": "Rickzeewolde",
    "756503279": "christoffer5467",
    "774573791": "1ukeqs",
    "777101137": "frjhue",
    "777215908": "lewisnuter1234",
    "800705120": "SIME116YT",
    "810183775": "vestr1e",
    "812900440": "Mr_Magoogoo1",
    "812905612": "RyanGonTV",
    "813207368": "averzIy",
    "815107657": "24J14",
    "818165412": "zanexbox3600",
    "824008783": "Palexzand",
    "825870296": "itsc0deee",
    "828247884": "noud_wessels",
    "828480419": "lambypamy12",
    "829241347": "ccsausage123",
    "832695759": "CuteAngle200808",
    "834861580": "BetaTide",
    "836791554": "braedenfurlong123",
    "841414751": "Koning_Dirk",
    "841621653": "78dsa",
    "842532421": "Krysaccekk",
    "846430431": "ItsDestructoProz",
    "846449398": "FlavorfulRamen",
    "849069349": "bravestirling",
    "850882190": "Seriouslee13",
    "852930054": "cooldude64823157",
    "861073034": "ch5s3",
    "861549614": "UniverseLawyer",
    "861750554": "oneisonetoomany",
    "862452893": "justin_406",
    "865821656": "raining_fun11",
    "869742973": "DecentAgent",
    "871570412": "Kesimba7",
    "874535678": "GoldTroopers",
    "885719967": "F1rxzz",
    "891878239": "Sun_S4t",
    "893200778": "ryanvanderwal2006",
    "893411720": "2898t",
    "893432182": "Oopits_Rash",
    "894681763": "iiBubblex_Cam",
    "896163041": "police99916",
    "897068916": "Imnotchachelox",
    "898867301": "EDC201128",
    "898897680": "lockmane912",
    "903900245": "GamerGuyYTube",
    "905129436": "tigertalbo",
    "905288897": "hallebaiIey",
    "906434796": "cadeeni",
    "906768212": "boneqew",
    "907168936": "owenisabus64",
    "909984243": "Alfie07turner",
    "918394368": "Zakiricsi09",
    "918537390": "slaypetes",
    "920185985": "haw8411",
    "921535402": "EdwardFColman",
    "924747952": "andreandref4",
    "925616315": "Neplioz",
    "928207358": "thepolicechef",
    "930128437": "remo1084",
    "935834211": "FortniteFreaksYTube",
    "936285498": "tierdostrich1",
    "936757962": "VisitedJosh",
    "937257212": "Gavin307715",
    "937388841": "pontevedra6",
    "947526905": "nooklels",
    "950807347": "JustLemonPlays",
    "955352310": "user320080",
    "955899734": "PrincessBlossomSky",
    "961787352": "MazonZY",
    "964759291": "quinnybooy2348",
    "967034165": "Scripted_Connor",
    "967915490": "pqq46",
    "971479786": "XIgorekyt5684X",
    "971651896": "docks974",
    "972009991": "Brayden_PlayzRblx",
    "975264947": "waldiko",
    "975295544": "CathalSlayer6",
    "975327795": "lllol234",
    "977519923": "Familyggaming",
    "980044047": "BlueyBoy3",
    "982651722": "xChickita",
    "982844520": "Corex_PlayzRoblz",
    "983678111": "NS_office",
    "987563576": "hkloppo1undGizem251",
    "996090228": "C00lWaffle",
    "996589445": "frolinis",
    "1000000469": "COLLDIE2",
    "1002821545": "ArmedF16",
    "1006161003": "markusqw11",
    "1007115213": "viziosoundbar",
    "1007719338": "California_Division",
    "1010589788": "Zain221x",
    "1010672878": "filip1345111123",
    "1011613623": "raptorXSr",
    "1011749511": "hilazon2010",
    "1017142548": "Redhair51",
    "1021836927": "Dubs66u",
    "1026171790": "TOM_NOOK1111",
    "1027733718": "AviatorFood",
    "1029670744": "Koalacute32",
    "1031610483": "lukaskit001",
    "1037576342": "leomalo1",
    "1039110364": "ZaneTahaB",
    "1040358750": "FloodgamerXXX",
    "1043777849": "finlayallman1144",
    "1043979132": "P1p43",
    "1045197736": "uh_zain",
    "1051190736": "whitebus2000",
    "1053742804": "MisterToll1",
    "1057549569": "BestOf1008",
    "1058684750": "RealMrSmarts",
    "1066204172": "dogstrust2009",
    "1069011139": "knighty106",
    "1070101246": "connor121012",
    "1076440425": "1gt19",
    "1076578672": "xxoxxo341",
    "1084802679": "noazoenoa",
    "1087740359": "xlcuciq",
    "1087987389": "unspeakable55y",
    "1091005959": "pinkrosejessxx",
    "1094569983": "auxsoph",
    "1096392651": "benjamins5320",
    "1098004600": "kodby1234",
    "1098585421": "jaymo_123456",
    "1102467099": "fififi2019",
    "1110805829": "adamko2019a",
    "1114705766": "eae898",
    "1115696900": "SwIxiYT",
    "1116809886": "Kotek_kar1",
    "1117644943": "bluestarchase",
    "1122021603": "Me100mm",
    "1130044868": "24k_Bradyyy",
    "1130067177": "Kiki344r",
    "1130323875": "monkeyjperdue",
    "1132629721": "lolfeesten12",
    "1138910645": "Kapi_tube4",
    "1143662504": "costarica200",
    "1145005162": "kidGiant08",
    "1146685277": "VerifiedStructure",
    "1152603056": "yourjjp",
    "1153827511": "belguimrobloxgamer",
    "1157142495": "adjdyfytd_RBLX",
    "1159994482": "hfhghgil",
    "1160166283": "mischievous_orbeez",
    "1161618013": "Reset39252245",
    "1162024383": "uhZeyrox",
    "1163687193": "Adamko2409",
    "1169362290": "iiMxtt_Destinyii",
    "1169364295": "benson417",
    "1175574711": "foolman124",
    "1176709729": "GentleAzaan7861",
    "1177918709": "TomChap96",
    "1178246401": "cas3eee",
    "1184862143": "Timmi2808",
    "1185144176": "Ryno0800",
    "1186746056": "isaa6667",
    "1187349122": "NintedoSwichGamer",
    "1187410282": "gameoverbro66",
    "1191529704": "keyonair502",
    "1200828319": "TheBloxburgAlex",
    "1204112369": "spashtimmy",
    "1207132928": "fildamilda13",
    "1207155567": "Ryzan27",
    "1207720813": "dunky42",
    "1211838257": "Liran131113",
    "1213205670": "Micro_Develops",
    "1217451788": "Aydenpolice001",
    "1219211273": "Firealarmprobe",
    "1219958484": "oncowcow3333",
    "1226551973": "LiamoRudecool",
    "1226714148": "zenteboss",
    "1226868313": "231night",
    "1230195383": "Mr_Builder07",
    "1239930000": "jipjap091234",
    "1242359377": "TheTeslaKing_Conor",
    "1246061050": "campcamping",
    "1251436477": "Horsefan2689",
    "1254919239": "rl3wis",
    "1257431967": "Siilvermxoon90",
    "1257964193": "demsakar2010",
    "1258012475": "pancakeface12333",
    "1259543237": "CameronTheGamer99",
    "1260112439": "robloxrobot201362",
    "1264194157": "LeBanania",
    "1264645879": "FelicityMesa",
    "1266041997": "Aprikosepro",
    "1272111208": "mrperr11",
    "1275376431": "B00PUP",
    "1277295691": "Tebbot_Dev",
    "1280490709": "Bathgate3",
    "1284005597": "LJShep09",
    "1284869198": "bbenjami55",
    "1298923513": "Harvtyler1234",
    "1312713224": "AlexTheOofGuy903",
    "1318097410": "oak13oak",
    "1319842498": "4qtom",
    "1331299710": "VladimirProstakov",
    "1338047057": "GamerStackDev",
    "1338579366": "sparks917",
    "1338916778": "sandwitchman361",
    "1339880621": "Kirilltmo_gaming",
    "1340082337": "Antosianek1",
    "1340510166": "electrodragon12121",
    "1344680373": "fred_samsung14",
    "1345932931": "FJDavis1",
    "1346061799": "sstevenv",
    "1348033154": "WilkcSwe",
    "1357860692": "24kBr0die",
    "1358046900": "boubabibinette",
    "1364290075": "campcamp2020",
    "1372020770": "2utton",
    "1376907643": "AlexF759",
    "1379670719": "potty457",
    "1381111350": "lasetcamel",
    "1381872487": "Lovvos1",
    "1385630698": "Nickeymagic",
    "1387602674": "iiFvnnyFlaps",
    "1390284986": "BlockyCreatorsYT",
    "1393279067": "banana314444",
    "1394545894": "Lenox320",
    "1397148735": "drousavy12",
    "1398492739": "spud_2021",
    "1402360348": "Pro_ZEssional",
    "1413485315": "iamjeff1w",
    "1414588860": "igorkoigi",
    "1417788609": "queenkofi",
    "1423301160": "BeyBlox_122",
    "1423910276": "tilliban0102",
    "1424982308": "Super_DM2013",
    "1425392484": "liondragone",
    "1426574616": "banis12378",
    "1427016216": "MarioGabriel201028",
    "1428355636": "ttxiotfre",
    "1432393701": "brodalicious12",
    "1433323279": "Xawii6",
    "1437143000": "Lucashaigherty8",
    "1440710702": "ash_only2",
    "1449959822": "newlaptoppro",
    "1451248831": "K3NZl333",
    "1455824440": "traeshonalan",
    "1457967871": "ollistarolli7",
    "1458607443": "Rubbleonthedubble100",
    "1459446641": "R47j",
    "1462131354": "baconboss998",
    "1462461963": "UhJose_ph",
    "1466581082": "Pikachu2010thebest",
    "1469588769": "Nathi_131",
    "1472842798": "prorules15",
    "1473441072": "Kingcooney232010cubs",
    "1473979674": "Amila_142",
    "1474677068": "SonicstudiosMB",
    "1476167873": "AccelRanger",
    "1477919602": "sizzle5010",
    "1479294461": "Oliplay_Developer",
    "1480268673": "vomito66655",
    "1480685856": "rubykin10",
    "1481252042": "artscraftsjay",
    "1484176701": "Flupjamin2010",
    "1484352588": "AlpinerXV",
    "1488857857": "neonfligter296",
    "1490897396": "hahahhsshue",
    "1492427522": "jayden_bro09876",
    "1494334120": "xXFabulousRobloxXx",
    "1496590680": "securityalarmtester5",
    "1497515486": "Explosiongamer2020",
    "1499991249": "dello2010",
    "1501561562": "Neulamm",
    "1505486920": "ProjectColeYT",
    "1507522692": "CheirmenOnTop",
    "1511588179": "Maltstars",
    "1513042666": "Fire_Phonix110",
    "1514989515": "brechtbrecht222000",
    "1515655838": "TeaH2O",
    "1518095557": "tufumukl",
    "1518941214": "imabanana33555",
    "1519418702": "foxyks123",
    "1519607262": "Antiscartino",
    "1521420392": "zertybee_5",
    "1522221668": "Magical1111112",
    "1523277193": "ashannabanna",
    "1523974574": "m4rkybr0_alt",
    "1525243446": "azerrfza34",
    "1528311834": "heuhmcdev1tt",
    "1531599966": "RileyRCNet",
    "1531835532": "darwin331122",
    "1533057715": "Ayden5967",
    "1534508717": "Reallyradoli1344",
    "1534657389": "Cool999box",
    "1535668975": "Maruda20121",
    "1539355428": "Ekamrye2021",
    "1539846923": "DutchtuberJobbFSenne",
    "1543573520": "11bodhy22",
    "1545449523": "lpank0",
    "1547796232": "StoryHelper",
    "1551208865": "noah01q",
    "1552141155": "BobbyIsTheBest8711",
    "1552214765": "Kirillotm5",
    "1553181195": "dominik_krasy",
    "1555068741": "Nevs130",
    "1560903525": "coolboycarter55",
    "1561132554": "VerifiedAapje",
    "1562641996": "Vqnite",
    "1563910762": "Robloxfan8s",
    "1565374259": "Erikxai",
    "1566614571": "RockBelow",
    "1569465284": "Jopio0819",
    "1571761487": "fotel007_2",
    "1575193948": "jackjans1234",
    "1580846686": "lordo267",
    "1586261412": "akexlikebos",
    "1588172714": "potcyhuvtyvu",
    "1588450199": "jansen_tessa",
    "1590265336": "Jam4life77",
    "1591015202": "mrtommyb1244",
    "1592843700": "FantastiqDev",
    "1595211604": "jacobbell144",
    "1600930974": "Mickeymouseleosmith",
    "1602589136": "Pietkite",
    "1606013827": "TilTak3108",
    "1606668244": "Gbox_GamerNL",
    "1607588700": "CJGamerboy3579",
    "1608485927": "uni385643",
    "1611374197": "luke_playz5562",
    "1614497896": "robloxking262011",
    "1614543204": "DO_FLIPEDxYT",
    "1617354000": "witherdbonniecheck",
    "1625828834": "Guest_635191",
    "1629436133": "Loadspecs",
    "1630595197": "kailiddell2009",
    "1631208916": "Alfie_Pro990",
    "1631485525": "vyqwaintfan1119",
    "1631844030": "berycram",
    "1636105806": "Pc5135",
    "1638304641": "AlexLovesRBLXNice",
    "1638644208": "Liverpoolisgod12",
    "1642518212": "GlobalM2gamer",
    "1643134885": "S409_MODS",
    "1644953594": "dghlkxyvdyxj47",
    "1648115367": "KiylloRen",
    "1652513752": "iimonkeyxxs",
    "1654571598": "snowhead09",
    "1656720061": "Dillydoodoos11",
    "1658944309": "EnDoxTen",
    "1663650880": "Zvlqr",
    "1665745336": "Okkie1203b",
    "1666413221": "asierprooooYT",
    "1666465038": "Realrichandcutiegirl",
    "1667745632": "Simply_Solly",
    "1674212864": "Aaaaaaaaaunf",
    "1676380143": "fortnitegod3411",
    "1676606567": "mattypb2011",
    "1676878267": "BloxNewsTeam",
    "1677502086": "SethPlays31",
    "1682780418": "Joe_codes",
    "1686705633": "coolerhawai",
    "1688517739": "Trooperjacob8_Alt1",
    "1688934732": "PinewoodgamerlabAcc2",
    "1688959166": "hacher9573",
    "1698031578": "Michael_s15",
    "1698102878": "Scouting201",
    "1699666917": "Adoptmygamer2020",
    "1701157158": "Manellp28",
    "1701589963": "10waghk",
    "1705573373": "pxscal361",
    "1707969290": "LordScaith",
    "1708379069": "beaudssssss",
    "1711503952": "KhalidTheGamer123345",
    "1722271565": "jakboy2713",
    "1724600590": "iloveaunts2020",
    "1724662213": "3dmarcin",
    "1728086335": "Maxmustermann345",
    "1728117736": "xxxLordCZ",
    "1728999811": "Flamesforgames2020",
    "1733911757": "adamka16673",
    "1733937099": "Geencommentaar1207",
    "1734102247": "MrSlugmoon",
    "1748994182": "thegilbrothers",
    "1753515357": "PPaa2010bt",
    "1756873944": "CrystalOceanHolder",
    "1764424273": "yvtcygyg",
    "1766709657": "Le_Kea",
    "1766845468": "ghrobotic",
    "1768556322": "iiBubbles_Harry",
    "1770529664": "michaldeska",
    "1773583346": "xovicly",
    "1774060496": "kjmoore_yt",
    "1778114592": "Ritselaarr",
    "1784893128": "Barszagi_2011",
    "1784905130": "cobnoob1234",
    "1786179821": "ropro1084",
    "1786672442": "baconman123hinoob",
    "1788906473": "johnaiken20087463928",
    "1790109415": "MirValor",
    "1791633534": "BudstarX",
    "1795942794": "toycar9900",
    "1799267286": "public_hanzo74",
    "1799405559": "Maurotjeiscool",
    "1805408759": "Bennybearisbest123",
    "1806418677": "nichotheman2016",
    "1807055520": "Keitht151Backup",
    "1808129773": "YourNovaDev",
    "1809127187": "Sy2aas",
    "1809776052": "judlvm1234",
    "1813058140": "jfjsdnneru",
    "1817295547": "SlayIuki",
    "1821693884": "Roblocks19472",
    "1824957565": "EvaHayton",
    "1825424143": "theelcraft1489",
    "1831321259": "pokeballfan1030",
    "1851828401": "27kxfading",
    "1852192515": "xIuvvHxrryPottxh",
    "1855633408": "SuperStarWoof",
    "1856921623": "Diorlx12",
    "1862114604": "jamesss0911",
    "1864912079": "HuHongJun_YT",
    "1866295793": "Juliabk911",
    "1869981592": "Bloxy_Ocelot",
    "1870350874": "SchrimpLeiche81",
    "1883764232": "dvmkovjo",
    "1887818210": "AngerminecraftYT",
    "1891984570": "Cr0cScore",
    "1892685190": "Avenger03121A",
    "1896137318": "YTDQD893",
    "1899506347": "NotLoouie",
    "1905973329": "AOPAWRT",
    "1911406501": "CSYON_Official107",
    "1914532214": "Ian_Commando1",
    "1915468048": "Fish32296",
    "1916227711": "Unknown_151Official",
    "1919991896": "jojobizzare123321",
    "1923593563": "Forky4L1fe",
    "1931193471": "xDLiveRBLX",
    "1940462004": "ethanskieur22",
    "1953327324": "alfiegrierson86447",
    "1954626639": "tyconowyyt",
    "1956117881": "V3rktic",
    "1972788081": "VR_NEWS",
    "1976579639": "michalskiolaf124",
    "1982003812": "xxFynnWasGehtxx",
    "1988637005": "Brxzews",
    "1992162416": "mirek123wiktor",
    "1992944831": "JakeNeame",
    "1993588561": "TheRealBabuJacob",
    "2001727841": "Gabidiego111",
    "2006952104": "superboyz123111",
    "2008334268": "1DarkGaming1YT",
    "2011371197": "Populardrog2",
    "2011804547": "The_smarttheo123",
    "2015428332": "jxdxn_14",
    "2017703900": "brodieandkyle",
    "2022023470": "Vrtrusted_devil",
    "2023094353": "RealCrocy",
    "2029160713": "richaadi989",
    "2030209556": "MathisBsst",
    "2033496411": "EmeraldRailwayVids",
    "2034684389": "Bartial20",
    "2035246218": "Stoilov2000",
    "2035711720": "Lp_nice1",
    "2039540160": "reloblox23",
    "2041138735": "SebyIepu01",
    "2041533214": "Sam_osaMan73",
    "2043024896": "ilovebon2020",
    "2050556330": "1x1x1x1_officalacc",
    "2062432071": "ols_bols2014",
    "2062571061": "roblox11mlo12338",
    "2067451744": "DamianS0912",
    "2201638227": "regrets_whippyman",
    "2208554665": "sharkking5286",
    "2212189758": "ParkerGamez2",
    "2216031060": "OM_Vaske",
    "2224766034": "CozyEuro",
    "2225793730": "CreatorHadley",
    "2229453913": "clementmoi20",
    "2236311346": "Osito0337",
    "2241100084": "Starjustin16",
    "2241886691": "hyperdragon1979",
    "2245928065": "yefewyu",
    "2251537571": "poggers123456742609",
    "2252053152": "Adam_Protected77",
    "2254924087": "kidswillems1",
    "2259894566": "officercat1437",
    "2262561675": "Immortal_ninja02",
    "2265494470": "iAnatomy",
    "2268575842": "heyitsmejdj",
    "2269072055": "vallezengli1324",
    "2274557677": "SyntaxUnlimited",
    "2278371332": "juls661",
    "2283766708": "LuisDaWollf",
    "2285225630": "gracz00090",
    "2285248954": "Rjay99g",
    "2287238321": "PumpJoey",
    "2289783279": "S2nzired",
    "2295631186": "bobwarbat",
    "2303479431": "Timiiiw",
    "2309956212": "Neo_StudioGames",
    "2310603549": "ItsDarincho",
    "2325761050": "Anaapoio",
    "2328894056": "SharkyPlayz999",
    "2330599712": "Juleks115",
    "2331782607": "andreigamingro_trovo",
    "2338235521": "Robloxian_51625162",
    "2338851363": "farandaz77",
    "2340125104": "JakubekPoland",
    "2340646430": "Pokedi451",
    "2344920441": "zerfix_bolt",
    "2345766547": "48kGoat_YT",
    "2351091483": "Andrus67pro",
    "2353061462": "GTR5838",
    "2364445471": "Yoice100",
    "2365777545": "blvshfxl",
    "2368351738": "Alfonsoborges",
    "2370199697": "Oskarinnio02",
    "2376831097": "llanbradachperson223",
    "2381643615": "Jan_willem5",
    "2383194510": "Roblox5apple",
    "2383585057": "Ethan_YT265",
    "2386485535": "Blackpanther899176",
    "2389240841": "Ardaacc7",
    "2393550810": "giz985alt",
    "2393661418": "Rhyz_07",
    "2399346818": "matrixonoo",
    "2407161071": "Harry2Olly",
    "2407546867": "Sfitlicy",
    "2411306972": "PratchCoolGamer",
    "2411856412": "CoolGamer5671_YTube",
    "2414934063": "2y7wyd",
    "2418768872": "Spike_minecraft2",
    "2421140987": "Vincentlol0987654321",
    "2431052413": "IlovepokeRj49",
    "2445829090": "johnnylexold",
    "2447342758": "Lisandru468",
    "2450220934": "jasonzockt56",
    "2452718575": "MisiowYT",
    "2456595884": "Revolutionapple_2",
    "2459959254": "UNlONPAClFlC",
    "2464906832": "tayloroscar299",
    "2476890678": "lepeterrr",
    "2478765658": "theoscytechguy",
    "2482373345": "Hearts4Mid",
    "2485790860": "mythdqll",
    "2491098821": "Enhanced00",
    "2496599063": "IscriptXD2",
    "2499095913": "IamLogan555",
    "2505537254": "hullwool",
    "2510139908": "pxyro12",
    "2513765018": "fazeGodguy333",
    "2519125821": "1d3bvb",
    "2532121809": "1conic_XD",
    "2546118081": "sc_00xx",
    "2548055714": "Alexa_68200",
    "2551024900": "SuperElite12343",
    "2564466333": "CR9Official",
    "2567742132": "bggshb4",
    "2567846806": "Fre22ie",
    "2571544598": "Tryanniser",
    "2584830192": "JOHNGREGGIL22",
    "2587297301": "Leone_2211c",
    "2589755903": "Mjfawks1",
    "2596204779": "Meinkoenig",
    "2612901669": "politieagenttom3",
    "2613884744": "SxgarClxvdz",
    "2617238982": "Quitzm",
    "2634503292": "noonecares21311",
    "2636621324": "mrcat3485",
    "2648573619": "Rosedinosaur1414",
    "2670719057": "Nenaxdawnn",
    "2674218951": "monkeygany",
    "2680503859": "thelovlygamemaker",
    "2686581960": "birb231a",
    "2686977222": "hellobro13442",
    "2695157953": "jacobm_04",
    "2698768605": "guest9O548isDELETED",
    "2708869505": "FnfFreakXD",
    "2716214769": "Kicky_RBLX",
    "2746910855": "Thealivejames",
    "2757903491": "Denis_08307",
    "2759068618": "EmilyGuv123",
    "2759947347": "alexandros252423",
    "2759993207": "hh_eesti",
    "2770914541": "chickennuggetare_pro",
    "2773983019": "AsdaHolder",
    "2777416078": "RankingBot20343",
    "2789635400": "FranCio_89",
    "2792114102": "ItzJustLeighland",
    "2835520047": "Huenchen_28092",
    "2838950927": "DogeStongs",
    "2842124708": "saner333333333",
    "2845071961": "chef8245",
    "2854994437": "DDH543",
    "2865031010": "Crustedgecko345",
    "2894234265": "sikoros1",
    "2900784296": "cikepaokei",
    "2944339015": "lepro1deroblox",
    "2944620630": "DIRIEN98",
    "2976160619": "Slimy_74",
    "2980405165": "gameroliveofficial",
    "2983162965": "shakenvac4",
    "2983608562": "whosleader",
    "3000660596": "Aido_tornadoo",
    "3001838680": "IHATENOVAHOTELSXLOLk",
    "3002852325": "V3L4NTIN0",
    "3003943346": "CECFan1992",
    "3006886585": "BeneluxForLive",
    "3016976467": "Official503Cking",
    "3022123594": "ohwe_n",
    "3023006301": "Gummiende",
    "3032142737": "KniteSpace",
    "3037424386": "Davidkas13211",
    "3039197473": "NotSirensNrandomStuf",
    "3039202917": "FireGamersDE",
    "3039235732": "Unociaobello",
    "3041253164": "chaliali_oficial",
    "3046328783": "Funmangames1344",
    "3051903239": "Jetstar19043",
    "3052768033": "officieel_joa",
    "3058407895": "Cardblord",
    "3058419297": "Masop_ONYOUTUBE",
    "3060613548": "Scott_Lochnivar",
    "3074692815": "CarterisYoutuber627",
    "3078085205": "AgentFoxWolf",
    "3086380438": "Holder_Gr0up",
    "3091077936": "JakedarlingYT15",
    "3109418633": "TropicxlHilary",
    "3113000264": "VexelGamingOfficial",
    "3116960118": "Harryh52_2ndAccount",
    "3121792236": "KoningRobert",
    "3136507420": "sunyiran2021",
    "3148305274": "NoeKubilay",
    "3148348869": "Nicoduino201",
    "3148424238": "tibebooiedit",
    "3148847792": "louis_louie2",
    "3163826314": "oscarmyohmy",
    "3177122133": "Galaxy0nRBX",
    "3177378056": "ben_robloxs5456",
    "3189383634": "RealProHair1",
    "3192792843": "2009mkraw",
    "3194372451": "Dev_icenight",
    "3195712478": "bacon_foodgodddddGFX",
    "3198769027": "Mopsikowy0",
    "3206609814": "Sebecode",
    "3208466041": "burmistrz20121",
    "3223139438": "Lukeylocus",
    "3235318924": "Elias192012m",
    "3244418977": "Ryantjuuh14",
    "3246725948": "PuggosAreCool",
    "3259323583": "Zloto_GamingYT",
    "3280233174": "PGOfficial01",
    "3284442274": "JonathanOnTheWay",
    "3287287556": "gostars7002",
    "3288455067": "Richardkaskey6678",
    "3303397885": "fraaakz",
    "3304969395": "Yoarethebestoftoday",
    "3324151568": "LuckyGoldBar07",
    "3328875478": "Zackary_official",
    "3352802225": "kiki68150_2",
    "3357774791": "Itsjeboysem_1234",
    "3378099104": "a3802024",
    "3385523273": "Finniestdev",
    "3396409663": "Reventium",
    "3401594687": "Toferx_yt",
    "3407001595": "people00090",
    "3429538564": "tipping_1234",
    "3432843565": "gamesadrian4",
    "3436767822": "Kai_TheCoolGuy122",
    "3437755675": "RisenCorgi",
    "3438020567": "Ademkhalol",
    "3441866281": "amananason",
    "3451316931": "Coder1g",
    "3452884164": "DarealmrbloxyAlt",
    "3459012974": "EBTHolder",
    "3459985390": "LidlHolder",
    "3466694154": "Wizod1234",
    "3469207977": "vi_xb33",
    "3481332463": "mr_bus203",
    "3484783628": "CookieDough10929",
    "3489000114": "resuify",
    "3493178228": "LevikeAuthority",
    "3501060887": "OMGahac",
    "3529183875": "GamesBuildstudioV4",
    "3533074092": "h21mmason2010",
    "3539841898": "HeyItsDestinyRBLX",
    "3539940205": "yari_Pro0",
    "3541326549": "AllenYTNoah91",
    "3543550204": "Bubblegum_Jumper",
    "3545428891": "Kiwicast",
    "3555960014": "Trynoonyt",
    "3556892566": "signupman7777",
    "3564725406": "duchAdu",
    "3572155455": "Aspect_oi",
    "3582360884": "Fortniteproisss",
    "3629620432": "Fasola992",
    "3646872546": "arthurrwhite",
    "3656781992": "XxSaiMiz9xX",
    "3676475316": "NotOMMiner",
    "3676544530": "ThodexxD",
    "3679430401": "Sxmlx9",
    "3680776704": "MrAddermin89",
    "3685926996": "Im_Avxrc",
    "3696995465": "Chrisfury89",
    "3704197220": "bloxcoisthebest",
    "3733709363": "twogoodzz",
    "3735367102": "Charlotte_Haddltonxx",
    "3739243414": "Cclementmoi22",
    "3740057686": "LAFDofficerLUC",
    "3743014926": "TheGamerThomasPlayz",
    "3743679065": "shattered171",
    "3750551760": "lenny_1098765",
    "3754553992": "AjubStudios",
    "3761689700": "Bloxco_management",
    "3768303137": "iwillgetmyaccbacko",
    "3770444725": "MrProtogen30",
    "3776020893": "1ourees",
    "3782229483": "LIftsLOVE",
    "3789315954": "Darkgamingpro3",
    "3801742646": "Lexiex_xxx",
    "3807402494": "d3vk1ngsley",
    "3824547886": "AydenRBLX5",
    "3828072736": "ophjybhq12345",
    "3837545249": "thekokusnussboy",
    "3840557265": "beans_la",
    "3843085655": "harleyohs",
    "3843625087": "Iam_dead13",
    "3845463051": "awesomeHenrygaming1",
    "3848592508": "Tecso_PLC",
    "3853854371": "joshandjacka_spooky",
    "3867912214": "REDRAGONded_Ded",
    "3868381031": "F4ulty_Emo",
    "3883240283": "Toastco_Holder",
    "3900258699": "bloxitholder",
    "3919135697": "Malekbro112",
    "3929378306": "RichardGardener",
    "3942726554": "MatthewHoldings",
    "3956789908": "Andrxw_DeLuca",
    "3960759874": "TheGroceryStoreBot",
    "3985903287": "JTPlayzRBLX2022",
    "3993262262": "Stanford_Holdings",
    "3995518959": "thefreshmarketmanag",
    "4010916015": "popcoor1000YT",
    "4017732236": "Itzz_wojx",
    "4036846550": "MorribloxUKHolder",
    "4044792244": "Aeraxy_12345",
    "4047377015": "Donelduck_38",
    "4067365768": "SR71_RBLX",
    "4085843626": "thomsonc12",
    "4091450487": "NorthBridgeHolding5",
    "4091716789": "nextraholdingsacc",
    "4119060167": "Wild_Heart654",
    "4120017953": "Mi_Bozz",
    "4131240088": "kryptologist0",
    "4137773930": "NettoHolder",
    "4156745268": "nathansshhool2",
    "4161914373": "Dropsikju",
    "4182901442": "Jarnexpk",
    "4190768067": "Roblox_King6312",
    "4195294766": "SainsburyOwner",
    "4201975060": "Hypertransport10",
    "4218418043": "EastviewGroupHolder",
    "4222057499": "JackTheDev17",
    "4222390324": "luhvcxnnxr",
    "4266361874": "Creeper_boy123778",
    "4273269804": "Misiowy18",
    "4281833292": "DEV_LEWIS102",
    "4391567816": "studio_game66",
    "4357694212": "ZlashTeam",
    "4452440972": "JoshHoldings",
    "4452376486": "FruitBloxHolder",
    "4452030698": "Workatastarshop",
    "4506863066": "WindowsSteffan",
    "4527423328": "Jack_jans1234567",
    "4550207485": "BloxDirectHolder",
    "4474297371": "Karen_Official24",
    "4336019644": "S24k_4",
    "4654710269": "Bloxmart_Limited",
    "4661523943": "liam041nx",
    "4639360498": "Avi_Bentetn",
    "4563071495": "OfficialDiscovers",
    "4773403206": "TescoBloxia",
    "4599341771": "Fairdev1",
    "4560264017": "XientistsHoldings",
    "4616425709": "he4rtsformoonlight",
    "4343664922": "Rbellomello_2nd",
    "4869139927": "BMIHoldings",
    "4620573988": "xkvampz",
    "4370833847": "mayo_microwave",
    "4530610087": "FiremanNoah122",
    "4887679283": "ENTERTAINMENT_HOLD",
    "4403985325": "NIDAS_ISCRAZY",
    "4965218279": "DEVELOPER_Ojemine",
    "4808470934": "BestBuyHoldings",
    "4313479197": "Geroge_Res",
    "4983361584": "HayabusaHolder",
    "4601431362": "Lowp197411",
    "4612926711": "MarlinBayHolder",
    "4923394538": "lucawumper",
    "4850498414": "RoMartOwner",
    "5095500078": "Greenwayowner",
    "4853609007": "Cr3pz_Dev",
    "5058152906": "EventHallHoldings",
    "4703470209": "Gingerale533",
    "5106051985": "FreshwayPLCHoldings"
  },
  "Groups": {
    "3594473": "Nando's Chicken",
    "3864004": "Roblox Aldi",
    "4034730": "Beyond Hotels",
    "4061159": "Trix's Cafe",
    "4100061": "Newham Bus Simulator",
    "4188838": "Beró",
    "4433987": "Morris sons PLC",
    "4904197": "Just tech and games hangout",
    "5115945": "Unity Systems",
    "5156226": "Revaco",
    "5167043": "High Skyz Corporation",
    "5383129": "Nature Hotels & Resorts",
    "5798031": "Trènta",
    "5817973": "RO-OP Blox",
    "6213717": "Education Authority PLC",
    "6235775": "Bloxco Supermarket",
    "6241748": "Piez Cafe",
    "6251399": "Sainsbury's Putney",
    "6418315": "Sunrise Hotels and Resort",
    "6445367": "Kenzietopia",
    "6467036": "Reve PLC",
    "6505012": "Rocco the gamer's Roblox group",
    "6516915": "JUMP Trampolining",
    "6521614": "AldiBlox, PLC",
    "6887964": "FairMart - Supermarket",
    "6985513": "Goofy Games Corporation",
    "7082031": "Ρinewood Αcadamy",
    "7324717": "The Home Dеpot",
    "7668599": "theelcraft1489 gruppe",
    "8472476": "Expressions College",
    "8479275": "Vacation Island Hotels",
    "8536583": "Let's Party!",
    "8601492": "Fortnite frieends forever",
    "8960938": "OctoStore",
    "9230471": "Restaurant La Stella",
    "9643396": "Armodia Systems LTD",
    "9697831": "The Gold Store Corporation",
    "9779914": "United States Marines core USMC",
    "9853705": "Roadcity V1",
    "9882809": "IGY Shopping Centre.",
    "10067899": "A day with roblox r",
    "10349467": "Bloxy Avenue",
    "10365473": "Bloxburys Supermarket",
    "10751682": "Cash&Fresh",
    "10778146": "KelvixShopping UK",
    "10877616": "PortBlox",
    "11006140": "Romania Roleplay #MnM",
    "11176769": "Geistezblox",
    "11196313": "TheFreshMarket (The Cool Humans)",
    "11358722": "Aldo Local",
    "11375180": "Fairway PLC",
    "11380852": "Aldox PLC",
    "11788447": "Team Koda 2",
    "11795615": "Robloxian Wholesale Group",
    "11800140": "Wolf Supermarket PLC",
    "11882527": "Comic Corporation!",
    "11907736": "AtherFeild Shopping Centre",
    "11917653": "(Oficjalna Grupa) Fikcyjna Gdynia {RP}",
    "12009124": "Shell's Café, Restraunt.",
    "12467391": "Cheltenham Transport",
    "12481007": "clicker game",
    "12692172": "Food Stores Limited",
    "12734419": "Direct Retail Solutions",
    "13009812": "Stormy Department Group",
    "13211177": "Sainsbury's Store",
    "13439903": "Liberty Development Group",
    "13874159": "LіdlBlox",
    "13984336": "GTStudio",
    "14180527": "Görans soffa",
    "14242980": "Morriblox UK",
    "14334637": "Bloxco Stores Limited",
    "14348746": "SpeedXtreme | Karting",
    "14521558": "Australia's Supermarkets",
    "14528882": "Freshblox PLC",
    "14531355": "UK Megaplex",
    "14555781": "Marks & Spencer PLC UK",
    "14578586": "Coast Side Hotel & Resorts",
    "14681081": "Aldiblox Stores LTD",
    "14749669": "Extended POS",
    "14810249": "One Blox TM",
    "14827344": "Greggs Group PLC",
    "14887271": "Besco's GB",
    "14902637": "Waitrose Stores",
    "14928845": "Loyal to la furry",
    "14952935": "Roblox MegaMarket",
    "15020334": "NL | Albert Heijn Roleplay",
    "15061058": "Bloxburys PLC",
    "15125204": "SeaNoobs Hotel's",
    "15175464": "Ro-Sainsburys",
    "15194933": "TA | Thornhill Academy",
    "15227097": "Kekso - Roblox",
    "15257077": "Fit Game's",
    "15316074": "BloxianMarket.",
    "15330415": "Happyiez",
    "15395666": "Lidlco",
    "15448531": "Fg.inc",
    "15494154": "McDonald’s PLC",
    "15505466": "Tesco UK PLC",
    "15510726": "Ledili Stores Limited",
    "15513613": "IcelandBlox",
    "15521124": "AjubStudio's",
    "15618361": "Waitrose | uk",
    "15653517": "Woodbury Farm Shop",
    "15654453": "BloxShop PLC",
    "15671604": "Tesco Blox",
    "15690808": "Co-Go PLC",
    "15721316": "Wait-Ro's",
    "15753494": "Kaspas Desserts",
    "15768695": "mccols roblox",
    "15793526": "fernfish corp.",
    "15817186": "Stone Court Academy!",
    "15838253": "Saffron Wholesale",
    "15838499": "TE || The Essentials",
    "15851752": "The Cross Street Plaza",
    "15862340": "Waitrose PLC",
    "15863171": "CoGroup LTD",
    "15867025": "Bill's group :)",
    "15868025": "Sainsbury's (UK)",
    "15884251": "Zonic Stores Development",
    "15884846": "ALDIBLOX Official",
    "15917669": "AGS Fan Group",
    "15925466": "Cloudy Supermarket",
    "15931233": "Pembridge Academy Trust",
    "15940534": "Supermarket RP",
    "15975523": "Tornadoo supermarket",
    "15985573": "Stanford General PLC",
    "15998207": "Retail solutions centre roblox",
    "16005933": "Turner PLC",
    "16021706": "cc superstore PLC",
    "16022132": "Waitrose Poland",
    "16032635": "Dashay Supermarket",
    "16081711": "Bloxco Supermarket Fair",
    "16088665": "Walmart | Corporation",
    "16089995": "Tesco Group's",
    "16121272": "Nova Academy | Efficiency, Hardwork, Wellbeing",
    "16204196": "[JTPP] JT Productions",
    "16209001": "Shop n' Blox",
    "16215187": "Co-Operative Group UK.",
    "16223505": "Bestbuds Plc",
    "16251482": "Bloxware Supermarket",
    "16266810": "Morriblox UK | Roblox PLC",
    "16273501": "Smart's Academy of Development",
    "16292855": "The Regis School",
    "16294212": "Co-op United Kingdom PLC",
    "16310629": "Cheshire Academy | EFT",
    "16318777": "DreamBloxRBLX",
    "16337195": "Lowis Liwien",
    "16343793": "[NA] Nova Academy",
    "16356492": "Asdablox PLC",
    "16381053": "Diamond Studios LTD",
    "16396955": "Bloxotel Group",
    "16411091": "SaintBury's",
    "16411466": "BLOX N'",
    "16415269": "Chesterfield Local",
    "16429661": "M&J Retail",
    "16433555": "Ladybug, PLC",
    "16447795": "EJ Development",
    "16459311": "BloxstoreShopping",
    "16460786": "Netto Supermarket",
    "16488501": "Pesco Stores Ltd.",
    "16496640": "Tesco Corporation | PLC",
    "16496643": "Actionblox TM",
    "16502761": "Bloxbyte PLC",
    "16661932": "Freshmart Stores PLC",
    "16662990": "Walmart Express PLC",
    "16664438": "Sainsbury Store",
    "16708372": "Canterbury PLC",
    "16741716": "Spectacles Optical Group",
    "16791983": "Best-One",
    "16809512": "RoTesco",
    "16981702": "Foodia Supermarket",
    "17050722": "Burlington Mall",
    "17082374": "BloxWay Stores LTD",
    "17132393": "Liberty Hotel & Resorts",
    "17196334": "SparBlox LTD",
    "17250901": "Co-opblox TM",
    "17331190": "Viva Ltd",
    "17398407": "Shortbread Supermarket",
    "17409671": "Southend Supermarket",
    "32008084": "Tescoblox Supermakert PLC",
    "32310649": "Roastin’ TM",
    "32312202": "GoStreet PLC",
    "32722132": "MarketPlace Shopping",
    "32770408": "BloxeyMarket",
    "32785531": "MetroMarket PLC",
    "32805604": "BloxMart Corporation !",
    "32925362": "Steak Wood Store",
    "33078006": "Aldablox Supermarket",
    "33160399": "FoodKing",
    "16656234/": "Discovers Shopping"
  }
}